13.6567,-4.207
-6.39368,6.56948
9.58976,0.393792
-6.27094,-4.79658
15.504,7.58916
0.279183,2.22475
0.989147,-10.7904
-9.12756,13.0356
-7.5217,0.415562
0.975936,3.22417
13.4671,-3.44638
10.3729,7.36831
10.7944,0.497612
-5.52978,-3.68963
14.6847,7.35016
5.28752,-2.52767
0.644309,-10.2802
-7.60593,14.3265
-8.45176,0.913675
-0.53017,2.34933
13.7769,-2.13851
10.3701,7.75244
10.4868,0.990079
-4.87795,-3.13733
15.2975,7.01526
4.59495,-2.1588
0.620081,-10.9109
-6.7683,13.6177
-7.88213,0.63804
-0.414145,2.29699
12.9101,-3.90732
-0.496842,2.30051
4.9752,-5.35789
5.19173,-4.54734
1.05609,-10.3629
5.17374,-4.64752
13.3159,-2.25274
-0.559743,3.14844
-8.58846,1.33091
0.449367,1.95282
-8.05357,0.628341
14.6173,7.54246
10.3245,7.3892
-7.12995,13.6565
-9.17481,13.0114
-5.26028,-3.93448
5.10511,-4.11099
9.85639,7.66846
14.104,-3.51633
14.7888,-2.9888
9.75871,0.556536
9.56055,0.364246
-7.02608,13.5025
-7.8507,1.05693
9.54865,0.353697
13.7905,-2.04004
10.0815,7.63718
9.59216,0.390326
0.652349,-11.001
-5.61082,-3.18142
-5.24547,-3.6585
-7.57611,14.2551
-5.02177,-3.38725
-5.31361,-3.20098
15.1879,7.5361
0.430386,-10.7018
0.740357,-10.9125
-0.0253902,-12.1698
13.7157,7.66503
-9.13305,-0.122978
9.77905,7.7315
4.98295,-5.31992
14.0337,-2.33421
-0.0449801,2.15813
5.41271,-5.12698
9.55349,0.355993
-8.30276,1.74026
9.55719,0.360796
14.8939,-3.25842
14.9324,-2.80262
10.0248,7.65245
-8.77952,13.2816
0.918554,-10.8805
-4.93547,-3.24204
10.3267,2.66667
10.0781,7.39168
-6.82753,13.8637
13.7528,7.60122
1.16115,-10.5497
-4.99872,-3.37264
10.3113,7.42374
-5.22864,-2.96053
0.437831,1.6034
-6.33263,6.38181
-7.92035,14.4082
0.884,-10.8136
-8.55929,1.43011
15.1087,7.13095
-5.16645,-3.12018
-6.373,5.9165
15.2561,7.14193
14.1982,-2.20126
5.4702,-5.11086
-5.4682,-2.0885
0.637754,-11.1982
-0.497629,2.2064
1.16245,-10.7582
10.6066,7.24974
-7.34272,14.0667
4.64245,-2.52166
13.7397,7.71213
13.7803,7.76389
-8.44325,13.8126
10.2633,0.927751
-7.94742,1.534
9.69666,0.498087
9.97726,0.726148
4.86249,-2.58134
-8.05457,13.8403
-0.612295,2.41764
5.2709,-4.80786
14.0091,7.18903
-8.14081,0.823188
-7.4774,0.981646
14.4543,7.60051
0.711641,2.53201
14.0788,-2.14365
-8.65566,1.60681
1.18043,1.93475
-6.2507,5.91781
14.1797,-3.1906
11.0673,7.65741
10.3609,2.34876
-4.89113,-3.13911
15.5629,6.05451
4.70851,-2.069
-0.785298,-11.8765
-8.32906,14.1181
-7.63058,0.797955
-0.194474,2.25613
13.5142,-2.66157
10.7315,7.30376
10.5996,2.05094
-4.94379,-3.54857
15.6103,5.93557
4.81357,-3.01051
1.02628,-9.5795
-8.52875,14.1076
-7.46455,1.43259
0.25198,2.22348
14.3747,-2.33185
10.9315,7.42296
10.6095,1.07989
-4.89144,-3.16368
15.3255,5.85353
4.52639,-1.3876
0.903947,-10.7822
-9.24311,14.049
-7.74346,0.762924
0.151495,2.28669
13.2158,-2.39493
0.0225362,2.19867
4.81718,-2.62513
4.58684,-1.5585
-0.10691,-12.4073
4.67691,-1.78877
13.2395,-3.00041
-0.244858,2.5634
-7.78627,0.790112
-0.383027,2.29067
-8.87396,0.584083
15.5793,5.81249
10.64,7.63918
-7.07708,13.4118
-7.06547,14.5806
-5.45002,-3.13532
4.87921,-2.50499
10.9086,7.41375
14.9245,-2.98557
13.7111,-1.94584
10.7776,2.00559
10.8042,1.982
-8.55248,13.8078
-7.51859,0.434189
10.2888,3.02344
14.1023,-2.05643
10.5063,7.81044
11.0372,2.71094
-0.257341,-11.7749
-4.85064,-3.64507
-4.92763,-3.46398
-9.52785,14.0882
-4.78207,-3.4525
-5.08691,-3.68143
15.353,5.77082
1.13756,-10.6863
-0.151645,-11.8279
-0.315282,-12.2904
15.5309,5.68596
0.340947,2.40897
10.6122,7.14446
4.85828,-2.41604
14.3666,-2.43979
0.838008,2.55085
4.48579,-1.34926
11.0225,1.25547
-8.81333,0.537614
11.0415,2.05707
13.727,-1.9592
14.1641,-2.07848
10.6929,7.56493
-9.93011,13.1507
0.0371564,-12.2694
-4.87572,-3.2252
10.6843,2.13262
10.6921,7.08348
-9.42404,14.2095
-4.81479,-3.33231
10.8978,7.37221
-5.11009,-3.40662
1.16262,2.80674
10.3092,7.63125
-7.72929,13.4243
0.894093,-10.4913
-7.19614,0.162556
15.5991,5.82654
-4.74811,-3.2398
10.5897,7.24084
15.6043,5.90278
14.7401,-2.80554
4.57809,-1.81396
-4.69735,-3.18797
1.24788,-9.77933
0.140643,2.29107
-1.1078,-12.2614
10.4723,7.524
-9.25909,13.9235
4.56355,-1.82564
15.4828,5.69131
15.4122,5.89542
-9.29414,14.2006
10.3048,3.03854
-7.72415,0.971399
10.2075,3.01538
10.8173,2.03989
4.58993,-1.68734
4.55498,-2.15748
15.1812,6.07497
-7.58342,0.791086
-7.40215,0.656002
15.6007,5.95544
0.893265,3.4255
14.0628,-2.04955
-7.25054,0.264691
0.928408,3.28721
-7.88192,1.39874
13.2527,-3.35086
-6.8486,5.75898
10.3123,1.81335
-6.26053,-5.10912
13.7452,7.66462
5.58469,-6.63603
-0.731142,-12.5424
-7.42124,13.309
-5.2458,0.609252
3.30075,7.7211
14.3017,-3.04936
-7.2651,5.0205
10.3088,1.84372
-5.83709,-4.35655
14.0903,7.86376
4.79439,-2.96553
-0.655437,-12.0282
-8.81587,13.5245
-8.43852,1.19433
3.32013,7.70037
13.6391,-3.79967
-7.93284,4.13296
9.9895,1.95797
-5.37455,-5.12731
13.9497,7.9666
5.30306,-5.83597
-0.121594,-12.5267
-7.06098,14.5341
-8.16802,1.42996
0.42352,1.72788
13.4796,-3.80352
-0.40539,2.53886
5.23895,-6.084
6.21352,-6.20926
0.0254503,-11.0235
6.25653,-6.78803
13.1664,-4.12757
1.18143,2.65691
-6.49907,0.355246
0.0391971,3.13023
-6.42083,0.459037
14.8304,8.06732
-8.58492,3.9277
-8.92383,13.7542
-6.62506,14.8014
-5.24556,-4.17241
5.05388,-5.97945
-8.60733,3.41104
14.181,-3.5563
14.2585,-3.82858
9.87368,2.38903
10.5915,1.9763
-6.86405,13.5592
3.53914,9.43624
10.2783,1.72232
13.9107,-3.7803
10.7825,6.98311
10.2697,2.17599
-0.673764,-12.6705
-6.1421,-4.4835
-5.25939,-3.96886
-7.14346,13.6651
-5.44372,-4.8377
-5.6758,-4.51299
14.1601,8.09695
-0.158329,-12.2464
-0.29781,-12.2458
-0.0382446,-10.4384
13.954,7.96337
3.36852,7.69569
-6.45626,5.8673
5.37414,-2.43755
13.6218,-3.49525
3.3196,7.69298
5.14735,-5.97299
10.2241,1.86581
-5.10266,0.546969
9.76024,2.27376
13.5961,-3.56962
13.3544,-3.76154
-7.25384,5.12832
-7.71941,14.5396
0.545318,-10.5229
-5.72153,-4.51317
10.2695,1.87483
-7.36063,4.91101
-7.79681,14.4603
14.1012,7.88326
-0.861485,-12.5717
-5.43336,-4.11679
-6.96762,5.74313
-6.3588,-4.46346
3.3486,7.69755
-6.32032,6.77193
-9.08383,14.0029
-0.0380079,-10.965
-7.73621,1.15051
14.9757,8.21856
-6.29696,-4.55823
-6.52221,7.12917
13.8364,6.65931
14.0547,-2.9741
5.60616,-6.60618
-5.2763,-5.26192
-0.490343,-12.4117
3.32636,7.68891
-0.174306,-12.1994
-8.30064,3.80777
-9.14697,14.1763
5.41405,-5.35915
15.367,8.48134
14.4737,7.86117
-7.83957,14.2957
10.1731,1.83547
-5.37785,0.573389
9.81019,2.21201
10.3976,2.23703
6.05128,-6.42495
-6.96702,14.4149
4.43801,7.72626
4.68318,-1.74879
14.055,8.0699
-4.69014,0.56662
-5.5327,0.619755
14.5508,7.62356
4.57501,7.72568
14.6293,-3.20353
-8.16225,1.32377
3.25219,7.76985
-5.57526,-3.64696
14.8826,-2.68633
11.1372,8.13511
10.7243,0.708257
-5.27012,-4.38042
15.3871,5.61328
5.10412,-5.10572
1.42501,-9.83878
-5.31834,14.7866
3.79662,9.64303
0.585693,1.5693
14.4069,-2.62387
10.0139,8.03927
10.6174,-4.9128
-6.55102,-5.24078
14.7764,5.15668
5.68338,-4.61511
1.44174,-9.61933
-5.2238,14.772
-8.00479,0.898832
-0.0875756,2.80466
14.3529,-2.42504
10.3659,7.86794
11.3007,2.82466
-5.86362,-5.55543
15.2248,5.71784
5.69788,-4.84524
1.36591,-9.5123
-5.18363,14.7744
4.08037,9.33818
-0.07587,2.80287
13.266,-2.69915
0.659141,3.48268
4.98233,-5.14356
5.78206,-5.06469
1.38113,-9.51329
0.41096,1.48695
14.472,-2.60436
0.739257,3.42895
-5.18322,1.13848
0.411102,2.85384
-4.96903,1.0286
15.0297,5.99613
10.5033,7.87652
-5.15331,14.7641
-5.73876,14.8329
-6.42168,-5.20741
5.60392,-4.89093
9.8869,7.89933
14.9043,-3.00433
14.5707,-2.68232
10.6611,-4.83969
11.1055,2.12625
-5.23939,14.7775
3.72732,9.57677
10.5627,-4.67451
14.4849,-3.84994
-6.17903,-16.7135
10.6278,-4.92377
-0.594373,-12.3346
-6.27912,-5.03857
-6.52879,-5.18062
-5.14609,14.7551
-6.50846,-5.14302
-6.54101,-5.18406
15.0877,5.55205
1.34367,-9.57936
1.44731,-9.72405
1.31726,-9.52383
15.187,5.91402
0.66877,2.87108
10.4119,7.89545
5.12352,-6.16385
13.2543,-2.97526
0.660546,3.54575
5.80818,-5.02024
10.8488,0.688689
-4.93833,1.11673
11.0045,2.4373
14.0114,-3.87206
14.8571,-2.95202
9.83443,7.86327
-5.13092,14.762
0.925451,-11.1912
-6.48741,-5.18583
11.1447,3.04205
9.97701,7.74272
-5.54564,14.7887
15.2418,6.60447
1.23077,-9.45827
-6.53431,-5.18525
10.3095,7.55191
-6.42542,-5.02347
0.548683,3.10698
9.9574,7.97849
3.26539,7.77799
1.23861,-9.40674
-4.93571,0.731317
15.1434,5.51581
-6.41051,-5.00056
9.97497,7.97227
15.1391,5.75121
14.7105,-2.56711
5.00845,-5.08608
-6.55211,-5.21956
1.30705,-9.64071
0.692875,3.47706
-7.76815,1.78614
10.3933,7.90493
-5.16688,14.7717
5.67255,-4.86312
15.1136,6.52179
15.1308,6.28133
-5.22045,14.8108
10.8779,2.79043
0.374531,3.91626
11.3264,2.82822
9.67335,0.468229
4.94507,-2.47118
-5.38758,14.7875
0.501651,3.02372
5.86484,-5.03469
15.1357,6.57252
-7.6736,0.905021
-8.00891,1.23009
15.5002,5.68707
1.12713,1.87811
14.1362,-3.58773
-5.13018,0.810631
0.585181,3.14752
-4.9603,1.06916
13.445,-3.1998
-6.3914,-16.9274
10.8743,-5.71349
-2.9342,-4.61647
14.2021,5.03018
5.17708,-6.30399
0.805527,-11.5058
-9.94827,13.1294
-7.08577,0.06277
0.42985,3.72785
14.4022,-3.87937
-6.11327,-16.6475
10.564,-0.720492
-3.05654,-4.55771
14.0417,5.37184
5.81569,-6.60955
0.130369,-11.8303
-9.18299,12.985
-6.86344,-0.159211
0.409132,3.36803
13.3355,-3.44691
-6.01881,-16.5528
10.4718,-4.98244
-2.83156,-4.69262
14.7761,4.87064
5.49811,-6.57851
0.338712,-11.8547
-6.94311,13.3998
-6.68582,-0.143409
0.19962,3.52537
13.3679,-3.24966
-7.8449,1.09165
5.04397,-5.85134
5.87472,-6.88788
0.699462,-11.6162
5.53176,-6.6763
14.7943,-3.75023
1.23153,2.02891
-7.01564,-0.0158898
0.419916,3.78348
-6.82963,-0.266325
14.5114,5.03212
-5.9894,-16.5167
-7.93617,13.8976
-8.46499,13.0989
-3.11174,-4.44754
5.55215,-6.64899
-6.0296,-16.564
14.0405,-3.1074
15.2509,-3.29703
10.4873,-0.581399
10.4938,-0.600281
-9.72461,13.1786
-6.77735,-0.32167
10.6281,-0.404515
13.4402,-3.56466
-5.90117,-16.4342
10.4907,-0.589353
0.812739,-11.4862
-2.81341,-4.75077
-4.20003,-4.28216
-6.98642,13.3546
-2.95069,-4.61439
-2.90647,-4.63488
14.4972,5.33668
0.509461,-11.7696
0.804155,-11.5814
0.220996,-11.9308
14.139,5.17336
1.0088,1.91086
-6.10454,-16.6381
5.36748,-6.31899
13.9235,-2.58587
0.8114,2.54484
5.62772,-6.60979
10.5056,-5.21548
-6.80355,-0.369
10.1746,1.80775
14.141,-3.72813
13.2497,-3.4286
-5.99442,-16.5282
-9.26952,13.2648
0.593722,-11.7883
-2.8648,-4.65349
10.4682,2.70321
-5.97043,-16.5038
-8.92414,13.1145
14.2825,4.73629
0.596446,-11.5915
-2.99665,-4.58242
-5.9323,-16.4663
-2.90378,-4.64229
0.393705,3.64314
-6.27261,-16.8078
-8.60828,13.8231
0.86666,-11.453
-6.85521,-0.260721
14.4583,5.04043
-2.94804,-4.66988
-8.89174,3.3747
14.2913,4.95046
13.1535,-3.66176
5.733,-6.83281
-2.93054,-4.65013
0.822001,-11.466
0.275797,3.5811
0.828133,-11.632
-6.39536,-16.9317
-8.60146,13.4397
5.34442,-6.28617
14.79,4.81208
14.4553,5.38314
-9.82909,13.718
10.4909,-0.591826
-6.85739,0.0580923
10.3863,1.46375
10.5036,-0.604481
5.14836,-6.22973
-8.65868,13.1856
0.154315,2.61962
5.63316,-6.64768
14.2643,4.768
-6.99345,-0.0902357
-6.84049,-0.307639
14.1551,5.02568
0.947762,2.05202
13.6178,-3.38128
-6.89185,-0.382186
0.102469,2.89666
-6.94061,-0.0930746
13.1269,-2.99867
-8.29053,3.37659
11.4079,1.81269
-5.11189,-4.23729
15.3222,5.83062
5.98437,-5.66616
-0.152406,-11.9733
-8.74675,13.3666
-4.96976,0.546745
4.54329,7.75446
12.8931,-4.22435
-8.75732,3.65738
11.33,1.81267
-4.93614,-4.3948
15.3024,5.84449
4.57686,-2.2162
-0.244472,-12.0663
-6.93724,13.2943
-7.16742,1.38547
4.62617,7.91042
13.1932,-2.50067
-8.57455,3.90482
11.4571,1.76218
-5.59088,-4.31332
15.1704,6.29668
4.58776,-2.04013
-0.266572,-12.0912
-6.5249,13.6917
-5.06769,0.620104
4.59198,7.80947
13.643,-3.61142
4.60179,7.83994
6.01804,-5.45916
5.11848,-2.20051
-0.219012,-12.3661
4.54968,-2.18765
14.4868,-2.69447
4.68952,7.8676
-7.13267,1.6343
4.67402,7.92095
-5.39868,0.790549
15.0826,5.94171
-8.47487,3.18613
-6.5559,13.7034
-6.54523,13.7426
-4.87025,-4.21611
4.76651,-2.2608
-8.48316,3.15455
13.666,-2.25998
13.2056,-3.86002
10.936,1.42966
11.3693,1.66803
-6.89845,13.4099
-7.35224,1.48785
4.17317,8.85306
13.6537,-1.96279
-6.99148,6.53087
4.21215,8.73499
-0.093836,-12.1222
-4.89441,-4.31595
-5.17714,-4.26329
-6.70815,13.4259
-4.84851,-4.53094
-5.59987,-4.34321
14.5775,6.27533
-0.724293,-12.6929
-0.0716157,-10.3628
-0.55551,-12.8065
15.3848,5.78619
4.62236,7.85489
-8.20274,3.50229
6.14464,-5.55228
13.4356,-2.22895
4.63599,8.06822
6.0709,-5.5607
11.3468,1.56962
3.49316,9.25263
11.1361,1.90315
13.1354,-2.67866
13.8994,-3.19253
-6.90178,6.48867
-6.78024,13.5664
-0.380278,-12.0275
-4.89143,-4.31044
9.75352,2.48348
-8.24014,3.43492
-6.56696,13.6573
15.1914,5.80829
0.460759,-10.8885
-4.89683,-4.44745
-8.33963,3.39319
-6.24813,-4.46311
4.712,7.96611
-8.42453,3.34067
-6.82891,13.5084
-0.816047,-12.5096
-7.64381,1.86446
14.2515,4.94129
-6.41308,-4.34293
-8.2346,3.46727
-8.84815,13.0911
13.7571,-2.34264
6.09828,-5.65697
-5.66603,-4.26196
0.567977,-10.7632
4.76254,7.92678
0.626647,-10.7136
-8.32159,3.34611
-6.69213,13.5858
4.77365,-2.28558
14.7644,4.79687
13.7145,6.46044
-6.56541,13.7084
11.3759,1.78981
-8.01447,1.57962
11.3012,1.67198
11.3644,1.72349
4.73253,-1.99216
-8.51744,13.203
4.56562,7.76324
4.56584,-1.38915
14.8414,4.87963
-5.1487,0.750192
-8.17128,1.84892
13.739,6.30583
4.64097,7.86288
13.3385,-3.04941
-5.01829,0.642875
4.5343,7.78618
-7.72761,1.5634
13.9627,-4.1782
-6.3852,7.08072
10.0671,2.45102
-6.34181,-4.37887
15.0076,4.91711
4.78751,-2.95603
0.925717,-9.14319
-7.65296,14.4033
-7.32091,2.87585
-0.26373,2.51124
14.6324,-3.73887
-6.54838,7.19767
10.4456,2.42175
-6.0134,-4.46432
14.9474,5.17481
4.7267,-1.6197
0.837983,-9.03664
-8.72523,13.6148
9.81342,7.84668
0.919625,2.18864
13.6241,-3.95563
-6.84411,6.50945
9.79226,2.49794
-5.84908,-4.88042
14.917,4.80373
4.75898,-1.62388
1.21373,-9.40046
-8.69952,13.9129
-7.92968,1.51989
-0.084826,2.79494
14.0646,-3.71713
1.06331,2.09837
4.82177,-3.29455
4.92334,-1.88639
-1.17278,-12.03
4.75375,-2.92481
13.7449,-3.71723
-2.65987,-4.63608
3.57598,9.47532
0.97925,2.13434
4.11582,9.38108
15.1231,8.03589
-8.82667,3.16869
-9.51133,14.0889
-7.36459,14.2794
-5.96764,-4.3642
4.8334,-2.81511
-8.57459,3.13721
13.8222,-2.91892
13.4209,-3.17815
10.8258,1.99497
10.1566,3.08571
-9.49716,14.1762
4.13899,9.40034
9.78345,2.41843
12.9929,-3.50201
-5.75982,-16.2924
11.0676,3.07547
1.4154,-10.2301
-6.0244,-4.25444
-5.92371,-4.13914
-8.28261,13.8244
-4.90469,-3.96919
-5.37238,-3.53276
14.8678,5.22717
1.39265,-9.67111
-1.06896,-11.9871
0.893744,-9.12744
14.9489,4.91324
-0.0314713,2.75159
-8.6295,2.79386
4.81948,-3.26405
13.4415,-2.31896
0.753161,3.08072
4.81375,-2.91785
9.81938,2.65569
-7.6041,1.40212
10.1747,2.99247
13.3572,-2.07689
14.4828,-4.00645
-8.55427,3.90847
-8.16004,13.9587
-0.438733,-12.0449
-5.50909,-4.14275
10.406,1.24922
-6.8131,5.66981
-7.57905,13.3463
15.4449,8.08373
1.07261,-9.29882
-6.27256,-4.70381
-6.41805,6.02513
-6.02416,-4.67752
1.18464,2.06595
-6.29722,6.03193
-9.38027,14.2218
-0.979746,-11.7785
-7.40938,2.64242
14.9199,4.89524
-6.11198,-4.74314
-6.59831,6.60841
15.4667,8.57843
13.7467,-4.02698
4.86509,-3.30234
-5.70138,-3.4969
1.23935,-10.3594
-0.155701,2.72708
-0.20802,-12.6421
-8.491,2.97499
-8.4442,13.9313
4.77374,-1.89491
14.9461,4.85542
15.1477,7.51068
-8.28894,13.9601
9.94776,2.83957
4.31791,9.41137
-4.46698,-3.05005
11.3546,1.75591
4.89199,-3.53273
-9.64616,13.103
0.918167,1.83191
4.8341,-1.68358
15.0351,4.90281
4.12135,9.38412
-6.80378,-4.9278
15.4779,8.54607
0.943536,1.8855
13.7833,-3.0284
4.26379,9.2116
0.56834,1.61241
-7.39144,2.89205
-5.88179,-16.4147
10.351,1.72804
-5.576,-5.46451
15.3597,7.72121
5.4297,-6.28033
-0.295434,-12.7279
-7.09468,15.1172
-5.05943,0.797177
-0.454542,2.72525
14.7051,-3.8665
-5.93217,-16.465
10.7462,3.18902
-6.06253,-5.17279
15.547,7.69138
6.02513,-6.97902
-0.195224,-12.7964
-7.51708,14.8456
-4.7865,0.719518
-0.0928411,3.03166
14.4933,-3.8079
-5.85659,-16.3894
10.5682,1.48905
-6.18364,-5.25966
14.6719,7.10473
6.37142,-7.17544
-0.660563,-12.717
-6.96641,14.9939
-4.85592,0.692533
-0.221634,2.99418
14.3115,-3.40858
0.694023,1.86398
6.25924,-6.95362
5.70462,-6.6266
-0.234386,-12.1918
6.22243,-7.06977
14.5866,-3.96756
0.150213,3.19361
-4.98161,0.594846
-0.361351,2.3783
-5.00598,0.959629
13.8029,7.13749
-6.43936,-16.976
-7.77728,14.8175
-6.7324,14.8879
-6.27328,-5.38486
6.34981,-7.04668
-6.29076,-16.8262
10.7904,1.54098
-7.67279,14.9097
-4.78033,0.697465
10.4843,-5.43119
14.3455,-4.0696
-6.21147,-16.7464
10.8071,0.680245
-0.299911,-12.8152
-5.7696,-5.1528
-5.82647,-5.08459
-7.24975,14.9291
-5.56807,-5.64667
-5.84764,-5.57769
14.483,7.01236
-0.231261,-12.0504
-0.60286,-12.3723
-0.364548,-12.7272
14.783,7.1983
-0.456779,2.68842
-6.4118,-16.9483
5.79964,-6.74371
14.6127,-3.94631
-0.357641,2.87697
6.04495,-6.86693
10.4965,-5.2657
-5.19982,0.777741
10.5046,-5.44966
14.1767,-4.19339
14.789,-3.6597
-6.26743,-16.8029
-7.62892,14.27
-0.645722,-12.6402
-5.60956,-5.65611
11.0585,2.50387
-5.89441,-16.4272
15.5622,8.7026
0.17198,-10.4513
-5.46605,-5.33014
-6.27018,-16.8055
-5.66598,-5.60832
-0.265111,2.71426
-6.32417,-16.86
-7.28438,14.931
-0.0962832,-11.9587
3.75139,9.61055
14.4732,7.00199
-5.76952,-4.91809
-6.34089,-16.877
15.4331,7.47825
14.2736,-4.00154
5.26748,-5.88726
-5.78304,-5.43641
-0.826116,-12.4436
-0.15083,3.02105
-0.825607,-12.1073
-6.08366,-16.6178
-6.92886,14.9841
6.18056,-7.0595
15.2226,7.47186
13.8474,7.15228
-7.85993,14.7952
10.7679,0.638431
-4.76223,0.701191
10.5803,-5.62238
11.3436,2.822
6.25323,-7.06987
-7.20283,14.9314
0.402818,1.84236
5.95538,-6.51651
13.5599,6.98933
13.6708,7.0721
0.0532001,3.31072
14.4891,-4.00743
3.54232,9.46757
0.198016,2.91866
-5.09045,0.576821
13.6785,-4.09186
-8.75234,3.05027
10.4325,2.56767
-5.06211,-5.28983
13.5005,7.05892
5.35439,-2.64355
-0.757432,-12.6309
-8.17348,14.5649
-8.24086,1.35586
-5.46535,-4.62105
14.4561,-2.90405
-8.73201,3.1693
10.366,0.938333
-5.01248,-5.24327
13.611,7.01751
4.87763,-4.56121
-1.11517,-12.0731
-7.86359,14.739
-8.8012,0.570141
-0.258751,3.44383
14.982,-3.3988
-6.35667,6.72985
10.5616,-5.40677
-4.91598,-4.83624
13.677,7.11271
5.17086,-6.09213
-0.096015,-12.188
-8.28116,14.495
-8.60571,0.182918
-0.283253,3.42696
14.6416,-3.61474
1.21763,2.9669
5.46257,-2.88174
5.373,-2.5879
0.73969,-10.3501
5.48561,-2.63553
14.5568,-2.81007
-0.334608,3.41562
-8.75884,0.0939499
1.34934,2.85782
-7.72874,0.884817
13.7503,7.08295
-8.81145,2.80965
-8.04222,14.7392
-8.03814,14.6132
-4.72357,-4.47281
5.21792,-5.33483
-6.34472,6.06713
14.8303,-3.1558
14.9917,-3.54037
-8.22722,14.6204
-8.62231,0.515407
10.7941,-5.53852
14.7998,-3.51505
-8.15375,3.58256
10.6411,-5.38664
0.97928,-11.1104
-4.92527,-4.94357
-4.72387,-4.26815
-8.1738,14.7154
-5.08389,-4.96293
-5.081,-4.87748
13.5415,7.01805
-0.00687608,-11.7509
0.228225,-9.93728
0.0323562,-10.8859
13.7038,6.62974
-0.318974,3.46254
-6.3421,6.90493
5.64775,-5.68712
14.4294,-3.6003
-8.83654,1.02804
5.07572,-2.41747
10.6387,-5.00319
-8.83795,0.145221
10.8791,-5.65373
14.8848,-3.42799
15.0804,-3.38659
-6.38464,5.73975
-9.20264,13.6641
0.650362,-10.8799
-4.95005,-5.20965
10.7694,1.08752
-6.39798,6.9534
-8.23853,14.7013
13.5794,7.03028
-0.0846662,-11.8181
-5.02546,-5.21788
-8.67207,2.84694
-6.88044,13.5677
-0.333011,3.47795
-6.89532,6.05087
-7.95936,14.7191
0.0925446,-10.0995
-8.80655,0.220826
13.7077,6.88045
-4.79088,-5.18015
-6.22055,6.00431
13.8219,7.5993
13.7515,-3.98639
5.5498,-5.06907
-4.9114,-5.01031
0.652482,-11.0983
0.357625,2.61941
-0.834907,-12.361
-6.41052,5.93338
-9.10543,13.062
5.89706,-5.73557
14.8164,7.63501
13.5635,7.01773
-8.84696,13.9179
11.4063,2.70986
-8.74082,1.00637
10.4216,0.863862
10.7619,-5.72714
5.26771,-2.49109
-8.26693,14.6494
0.512151,2.60344
5.92765,-5.49759
14.281,7.80916
-8.89571,0.116159
-8.01022,0.372525
13.8171,6.8151
-0.358545,3.51179
14.8712,-3.60047
-8.75622,0.601427
0.587962,2.42812
-8.77466,0.337709
14.0488,-3.55944
9.66176,7.66737
10.2355,2.49407
-5.26864,-5.12477
14.3242,7.95034
6.14692,-5.89351
-0.792117,-12.6795
-9.62557,13.2131
-4.78089,0.697127
0.751845,3.36403
13.3036,-4.07143
9.84595,7.69785
10.3218,1.27912
-5.08571,-4.1019
15.4335,7.88013
6.08844,-5.97944
0.693482,-11.5402
-7.78037,13.6377
-8.47756,1.60963
-0.533466,2.59465
13.6542,-3.79939
-5.87637,5.89482
11.5311,1.8262
-4.70686,-5.04276
14.6463,5.20506
4.72446,-1.55547
0.143435,-10.2838
-6.88583,13.3787
-8.58446,1.33658
0.924546,3.34747
12.8915,-4.29699
0.872818,2.73638
5.5438,-5.54585
5.03982,-3.95264
0.0132929,-10.6409
4.85351,-2.94918
12.938,-3.68734
1.04975,2.4882
-8.7466,0.979799
0.658919,2.77
-8.54457,1.30859
15.4601,7.72603
-8.61589,2.86401
-9.79677,13.4744
-9.40905,13.1221
-5.41781,-2.10531
6.19151,-5.69537
9.49592,7.61943
12.7876,-3.89211
12.825,-3.99515
10.4556,1.39713
11.5801,1.89335
-8.67443,13.369
-8.85824,0.933199
9.80411,2.3253
12.8406,-4.22386
-6.07483,7.22394
10.2924,1.82262
1.13086,-9.50767
-4.76319,-4.7004
-5.54928,-3.20419
-9.51762,13.1349
-5.12405,-3.25221
-4.75822,-4.03077
15.372,8.36859
0.165083,-10.0006
0.842029,-11.0815
0.838505,-11.1117
14.6562,7.75892
0.36118,2.47698
-6.43336,5.76766
4.57615,-2.01747
12.923,-4.28503
1.20816,2.92588
5.88514,-5.54672
10.0904,1.54426
-8.71266,0.879616
10.3147,1.25914
12.8687,-4.2791
12.8983,-4.2232
-6.45127,6.95199
-9.87102,13.5317
0.0851215,-10.1672
-5.45961,-2.95705
9.98552,1.83863
-5.79319,5.96186
-9.72674,13.5806
15.0726,7.62859
0.305861,-9.80879
-5.31061,-3.32446
-6.35493,5.86288
-5.29715,-4.94217
0.833141,2.65203
-6.40078,5.82653
-8.78529,13.4368
0.22585,-9.88777
-8.54152,0.8176
14.9965,7.6873
-5.33048,-4.73283
-6.31873,5.84561
15.0197,8.26152
13.8031,-3.24538
4.6749,-1.5909
-5.27922,-3.05392
0.989152,-11.2886
1.06062,2.58643
0.449265,-9.68863
-6.01743,5.82502
-9.80532,13.2737
4.61195,-1.73532
15.1437,8.25118
14.6178,7.84506
-7.04714,13.3038
9.76966,2.51415
-7.46512,2.43245
9.8619,2.16777
10.0374,1.60656
4.57328,-1.47483
-7.40007,13.2632
1.09427,2.9353
4.7514,-2.18255
15.1825,7.71166
-8.53285,1.44727
-8.35015,0.798081
13.6401,7.66699
0.495778,1.77709
12.9007,-4.29619
-8.39934,0.817548
1.19603,2.72348
-8.59727,0.682171
14.8744,-3.60123
11.1779,8.22553
10.8189,-5.61743
-5.41571,-4.4297
15.4992,8.66062
6.05828,-6.27598
0.705766,-9.83543
-9.8699,13.5466
-8.10944,1.65929
0.0999534,2.92698
13.8262,-2.71221
-5.84039,6.02297
10.6965,-5.69254
-4.72297,-4.1787
15.5473,8.68939
5.76545,-5.86561
0.5481,-9.78956
-7.44943,14.1279
-8.13525,1.82072
0.399265,2.45628
14.0574,-2.68144
11.0157,7.48279
11.0397,-5.58707
-5.96305,-5.27308
15.5354,8.66379
5.95578,-5.39698
0.422663,-9.61536
-8.18861,13.6221
-8.30385,1.19329
0.802196,2.49028
15.2251,-3.07828
0.771617,2.01266
5.89957,-5.43015
5.82382,-5.31053
0.549358,-9.59162
5.00582,-5.20865
13.6062,-1.93178
0.62146,2.41309
-8.01563,0.894586
0.735324,2.97903
-7.90956,1.3278
15.5017,8.60571
-6.03508,6.97838
-7.26153,14.4909
-8.47514,13.2656
-5.2497,-4.98483
6.02493,-5.39206
-6.24283,7.1183
13.5606,-2.30295
13.5218,-2.37325
11.0541,-5.57506
11.0917,-5.57894
-8.24813,13.6807
-8.4426,1.51304
11.1825,-5.47355
12.9963,-3.59536
10.4576,7.90764
10.916,-5.70131
1.21334,-9.49975
-5.73653,-3.52438
-4.84447,-4.22704
-9.61907,13.158
-4.8593,-4.79387
-4.97742,-4.82877
15.5508,8.60443
1.16637,-9.40214
1.12645,-9.48194
1.14635,-9.73341
15.1702,8.37747
-0.324886,2.46539
-6.58761,6.80772
6.12768,-5.64363
13.555,-3.71717
0.619805,2.38746
0.382835,-11.9274
10.6491,-4.95559
-7.60336,1.92402
11.2565,-5.39646
13.4165,-4.09863
13.7956,-2.41747
9.67317,7.64069
-9.41354,13.0346
0.685418,-9.85765
-5.3858,-4.79962
10.6327,-5.38258
-6.41181,7.14624
-9.53215,14.0933
15.086,8.32213
0.409827,-9.62339
-5.72268,-3.23835
-6.21922,7.28583
-5.80294,-4.99643
0.244885,2.95161
-6.30092,6.95175
-7.39619,14.2027
0.562202,-9.81291
-8.45863,0.775772
15.6152,8.60997
-4.97575,-4.39561
-6.14457,6.31029
14.7343,7.79547
13.7403,-2.38365
5.47868,-5.00855
-5.30298,-5.01723
0.635977,-9.57496
0.978181,1.86851
1.07902,-9.29258
-6.02015,6.4569
-9.03227,13.8602
5.10828,-4.39394
15.3595,7.81666
15.2876,7.76414
-7.022,13.8699
10.8608,-5.67636
-8.00662,0.633812
10.6383,-5.34517
10.7596,-5.60413
6.25066,-5.87612
-8.56018,13.2865
0.965997,1.83342
4.96876,-5.40298
15.1625,7.60366
-8.28165,1.77598
-8.29892,1.75674
15.0785,8.35449
0.958841,1.7931
13.6894,-1.95765
-8.32152,1.05923
14.4234,-4.09172
11.1231,8.16836
11.0201,3.04183
-6.343,-5.08843
14.2887,4.92349
5.44393,-6.33615
-1.0915,-12.0698
-6.72881,14.8876
3.70906,9.61209
0.233738,1.69957
14.8427,-3.02803
11.2847,8.14743
11.0683,3.06547
-6.3023,-5.33034
14.7049,4.97784
6.10057,-6.40528
-1.138,-12.0924
-6.61086,14.9324
3.56895,9.4869
0.55876,1.55743
14.3964,-3.93687
10.8281,7.96048
11.2313,2.88446
-6.29302,-4.83377
14.4003,5.13876
6.26881,-6.74121
-0.922804,-12.5622
-6.73276,14.9174
3.60511,9.5393
0.0436674,2.01372
14.7855,-3.25774
0.421865,2.14033
6.066,-6.43431
6.02135,-6.42103
-0.327141,-12.0379
6.04162,-6.46611
14.6494,-3.16264
0.475174,1.70248
3.83493,9.64224
0.133965,1.83414
3.81848,9.66641
14.7416,5.91648
11.1162,7.8663
-7.13585,14.7229
-7.0201,14.8359
-5.6317,-4.73144
5.92571,-6.92191
11.329,7.90457
14.5279,-3.56971
14.6047,-3.43012
11.5812,2.60655
11.1749,2.98693
-6.63658,14.7559
4.30747,9.19378
11.3771,2.86063
15.1989,-3.15313
11.3295,8.09197
11.3719,2.90688
-1.04676,-12.2219
-6.19446,-5.3012
-5.76928,-5.17048
-6.86197,14.7564
-6.17598,-5.31309
-5.32222,-4.87573
14.6547,5.05086
-0.836099,-12.4171
-0.383397,-12.7532
-0.703227,-11.9506
14.6338,5.0891
-0.274166,2.09168
11.3288,8.15906
6.2171,-6.32539
14.9471,-2.85812
0.089894,1.80111
6.16368,-5.7262
11.3899,2.97014
3.85737,9.5432
11.4496,2.87633
15.2092,-3.00148
14.4554,-3.8945
11.4326,8.19405
-6.9701,14.6523
-0.963894,-11.8515
-5.82584,-5.05266
10.3526,3.16063
11.2358,8.21321
-7.13729,14.7136
14.7245,4.9098
-1.02244,-12.0079
-5.89375,-4.5242
10.8041,7.90637
-5.60725,-4.83244
0.484557,1.69849
11.3604,8.00643
-6.9741,14.7094
-0.812572,-11.8774
3.87853,9.52382
14.5135,5.09662
-5.61411,-5.0543
11.3587,7.98655
14.4177,5.16115
14.8713,-3.41928
5.8301,-6.8672
-6.06233,-4.78022
-0.836356,-11.8733
-0.0407868,1.95782
0.0188737,-10.4978
11.2263,8.24771
-6.65781,14.9345
6.18621,-7.06386
14.8292,5.08324
14.054,5.46861
-6.73841,14.7521
11.4652,2.69217
4.11657,9.35214
10.6503,-5.05463
11.3565,2.91681
6.09581,-6.18498
-6.69514,14.9066
0.567241,2.05385
5.44544,-5.81704
14.7514,5.1207
4.1092,9.35009
4.1265,9.28806
14.9075,5.30492
0.614496,1.5088
14.1004,-3.92572
4.14833,9.27438
0.5971,1.59565
4.06872,9.37431
13.508,-2.30845
-6.19981,6.90265
10.4626,0.83645
-5.54817,-3.32416
13.9491,7.73845
4.98815,-1.84296
0.748295,-9.8478
-10.0323,13.1898
-5.74019,5.80347
4.6962,7.92192
13.8607,-2.02513
-6.21659,5.77222
11.1918,-5.30772
-5.0089,-3.71065
13.7783,7.71761
4.93577,-1.83903
0.893852,-9.93624
4.38296,7.6438
13.4103,-2.4776
-6.36658,5.60394
10.7456,-5.22205
-5.67093,-3.16703
13.8819,6.74722
5.30377,-2.50755
1.37336,-10.6894
-9.94022,13.0945
-8.62979,1.79544
4.37112,7.62342
13.4452,-1.76081
4.47622,7.6829
5.45075,-2.13888
4.5397,-1.49703
0.900068,-9.84048
5.14408,-1.67164
13.992,-2.87388
3.60594,7.62412
-8.01329,1.43788
5.52543,-2.12668
-7.23021,0.282844
14.1452,8.06019
-6.22494,7.34066
-9.03321,13.6722
-9.88319,13.7459
-5.39982,-2.14625
4.49725,-1.4022
-6.0128,6.57323
13.5624,-1.80219
13.6811,-3.72878
11.3128,-5.35475
10.711,1.26552
-9.88718,13.7655
-8.26029,1.52567
11.2583,-5.40012
14.1059,-2.10588
-6.30032,5.79932
11.2837,1.89681
0.809561,-9.97255
-5.47247,-2.17219
-5.45815,-2.0635
-9.83226,13.7728
-5.34847,-2.02036
-5.54248,-2.02628
13.7852,6.61709
1.07615,-10.4599
1.30384,-10.5296
0.831023,-9.92593
-9.1182,-0.108044
4.43407,7.70057
-6.1288,6.63853
5.05153,-1.81969
13.623,-1.79506
-0.409934,2.35102
5.49572,-5.10672
11.242,-5.36194
-7.29216,0.32664
14.8082,-3.55269
-6.01684,6.79384
-9.67875,13.6725
0.770465,-9.80809
-5.7765,-3.12128
10.1864,2.51298
-6.13133,7.27071
-9.54395,14.1211
-9.14098,-0.122826
1.15797,-10.2671
-5.47023,-3.30306
-6.25108,7.25108
-5.86519,-3.31819
3.45907,7.56814
-6.24988,6.92134
-9.9456,13.6006
0.29263,-10.2161
-7.50822,0.583054
14.2554,8.15783
-5.67503,-3.40513
-6.20728,7.29832
14.0662,7.94559
13.564,-2.02435
5.35011,-2.39789
-5.53928,-3.44269
1.33095,-10.5238
-0.259948,2.12835
1.27094,-10.5236
-6.23929,7.34921
-8.51911,13.4923
4.69824,-2.84035
13.9396,7.90668
13.7965,6.32036
-9.22308,13.923
11.1701,2.77045
10.8452,-5.67724
4.98801,-1.87692
-9.74287,13.8277
-5.86513,-3.53588
5.37274,-2.44686
-9.14544,-0.126177
14.0114,8.01604
5.48932,-2.06689
13.4129,-3.4034
-7.77148,0.699519
3.39628,7.66425
-7.50516,0.701283
14.7324,-2.90572
-8.79139,3.56602
11.1349,2.4545
-6.42224,-4.16573
15.6803,7.47212
5.5901,-6.12267
-0.0645454,-11.4672
-8.93067,13.0871
-8.02388,0.34932
0.150999,2.99499
14.6059,-2.76592
-8.57946,3.34105
11.4391,1.79649
-5.39867,-2.34468
14.9428,8.20208
5.45957,-5.88529
-0.721206,-11.8423
-7.29068,13.9226
-8.57528,0.609881
0.770545,2.56696
14.7887,-2.56587
-8.61041,3.82059
11.6615,1.94708
-6.40815,-3.94798
15.029,7.86825
5.56549,-5.95953
-0.246679,-11.405
-9.00963,13.0439
-7.80922,0.219336
-0.394137,2.21044
13.6167,-4.13659
0.506349,2.33143
5.31332,-5.57534
5.24675,-5.96811
-0.388842,-11.6222
5.0433,-5.38072
13.3428,-2.37979
0.354891,1.71501
-7.40737,0.345114
0.431953,1.71067
-8.74703,0.775594
14.7174,7.95699
-8.80234,3.44693
-7.20491,14.8922
-6.89855,13.4314
-5.33854,-2.13843
5.57318,-6.00019
-8.48505,3.22623
14.3707,-2.7712
13.6613,-3.96016
10.4282,3.17664
11.1708,2.91032
-8.63385,13.9841
-8.71212,1.00144
10.4627,3.20654
13.4498,-2.68555
-8.68762,3.69817
11.0905,3.07089
-0.606578,-11.6509
-5.33173,-2.38558
-5.31077,-2.27364
-8.259,14.1948
-6.48003,-4.12841
-5.34593,-2.28128
14.8617,7.51348
0.531329,-11.1402
-0.505662,-11.6695
-0.0923447,-12.4663
15.5672,7.61304
0.518057,3.0251
-8.74908,2.89072
5.16756,-6.29443
14.3145,-2.97787
0.471945,2.34297
5.49224,-6.06202
11.6076,2.41175
-7.72918,0.402068
11.5634,1.84973
13.826,-3.69622
14.774,-2.63847
-8.8911,3.12699
-9.32306,14.1338
0.396888,-11.1945
-5.38883,-2.51694
11.639,1.98299
-8.45906,2.74966
-9.00602,14.1262
15.5588,7.77688
0.831921,-10.8299
-5.5454,-3.10586
-8.63207,2.74047
-5.78317,-4.36449
0.620119,2.92612
-8.71136,3.55008
-8.14284,13.6337
0.467015,-11.5409
-7.98482,1.2891
15.3293,8.30619
-6.41865,-3.92456
-8.93003,3.1773
15.0656,7.09485
14.1004,-2.08446
5.51254,-6.50073
-5.9848,-4.00838
1.11748,-10.7561
0.765442,2.86767
-0.812842,-11.8558
-8.83206,3.05144
-9.66689,13.1881
5.64444,-5.98687
15.4375,7.44576
15.5347,8.24633
-7.70887,13.3711
11.5289,2.62221
-7.72785,0.19481
11.2888,2.90696
11.223,2.94539
5.70103,-5.90306
-9.35483,14.0515
0.306039,1.86577
5.47049,-6.44978
15.4081,7.99504
-8.60012,0.873338
-8.4617,2.42045
15.1005,7.69319
0.764717,2.33922
13.1505,-2.62312
-7.75332,1.13181
0.913325,3.32975
-7.55777,0.249664
