11.8333,4.03683,-1.65629
4.38216,-0.136147,-0.183108
-4.0027,-0.686147,4.98222
1.00367,7.99473,4.50345
-4.70337,0.937997,-10.8077
-1.60475,3.37635,9.95398
-0.144501,-11.9292,-1.87231
-1.97933,7.80917,-0.666232
-0.022327,0.253104,0.642125
-1.65776,2.34572,10.5911
11.7194,4.22238,-0.985811
-5.86678,8.54331,-4.52077
-2.66588,-6.48692,12.088
0.902918,6.04074,4.70673
-4.20721,1.49154,-10.7554
0.439454,-2.96719,-4.333
-0.194554,-12.5689,-2.84136
-2.55197,7.27993,0.867856
-0.230558,0.755122,-0.0775671
-1.48315,3.02334,9.38132
10.3726,3.80755,-0.287471
-6.01807,8.75566,-4.12913
-2.66005,-6.58013,11.8809
0.417499,5.76856,4.44969
-4.95037,1.25856,-11.0843
0.0830152,-2.82515,-5.05084
-0.274196,-11.9003,-1.7131
-2.81668,6.26119,0.763839
-0.0395508,0.343408,0.490051
-1.46042,3.07068,9.43979
11.8744,4.48564,-1.48554
-1.55505,2.96236,9.27234
7.15223,-7.80532,0.839759
6.84692,-7.78557,0.353383
0.0934804,-12.3128,-2.80927
6.82979,-7.90439,0.404763
10.5403,4.19066,-0.563804
-0.972626,2.5017,9.20457
0.0902238,0.707013,-0.512398
-2.21739,3.34309,9.84326
-0.0424098,0.468745,0.519652
-4.0886,1.56201,-10.6372
-5.76347,8.4881,-4.21584
-2.87217,6.50242,0.729748
-2.0404,7.84756,-0.676835
0.633971,6.18527,4.58767
0.169514,-3.301,-5.04819
-5.69911,8.37036,-4.00755
11.8568,3.63979,-0.688863
11.393,3.0954,-0.560016
-4.00585,-0.696795,4.97493
-3.99785,-0.724155,4.98396
-2.67715,6.49608,0.703582
0.306436,0.217828,-0.0432159
-3.95841,-0.735909,4.94465
10.46,3.73748,-0.28215
-5.84743,8.59499,-4.05571
-3.95422,-0.740618,4.9496
-0.398741,-11.8857,-1.73576
0.918571,5.42742,4.81195
0.497551,5.96762,4.65699
-2.64065,7.12386,0.92505
0.513654,5.92993,4.64061
0.755964,5.5185,4.36591
-4.24315,1.12136,-10.8391
-0.54137,-12.1276,-2.31955
-0.313475,-11.968,-1.76746
-1.53992,-11.7428,-0.790974
-3.5998,2.10014,-10.3258
-1.22538,-0.166564,-0.974918
-5.7878,8.4257,-3.8593
7.10655,-7.83918,0.817197
10.7684,3.71648,-0.450645
-1.53619,3.19566,9.73302
6.53278,-8.43353,0.880922
-3.95782,-0.747417,4.95016
0.186792,0.444835,-0.770901
-3.91684,-0.78591,4.90264
11.6743,2.88944,-0.90817
11.4039,2.99684,-0.763085
-5.83607,8.52979,-3.99436
-1.98918,7.69196,-0.338276
-0.19716,-12.0285,-1.91865
0.352141,5.69018,4.47579
-2.53397,-7.55283,11.5815
-5.63528,8.2869,-4.15751
-2.88258,6.45895,0.999547
-3.90363,2.26684,-10.4591
-0.101799,-12.0757,-2.37216
0.373718,5.71024,4.63245
-5.75585,8.45971,-4.30644
0.815723,5.56402,4.23704
-2.26101,3.65931,9.61433
3.94917,-0.136681,-0.402749
-2.64302,7.57771,0.71293
-0.0590361,-11.7435,-1.64223
0.22889,0.792643,-0.551406
-4.75758,1.28259,-11.0251
0.693277,5.5406,4.39761
3.28858,-0.496659,-0.541777
-4.72016,1.1527,-10.9431
10.7104,3.40526,-0.294502
6.54125,-8.33228,0.695303
1.23792,5.48266,3.8638
-0.29585,-11.503,-1.58638
-1.62048,3.02163,9.30895
0.0136001,-12.0167,-2.07974
-5.8493,8.61429,-4.65219
-2.61226,6.90484,0.843083
0.169837,-2.853,-4.90561
-3.57742,2.0065,-10.1687
-3.61045,1.99097,-10.2107
-2.37858,7.82069,-0.00248825
-2.61273,-6.51921,11.4901
0.414267,0.152304,-0.472081
-4.01647,-0.715684,4.99903
-4.21629,-0.539096,5.13145
0.302449,-3.25332,-4.65626
-2.3731,7.43515,0.379654
-1.6628,2.73848,9.18689
6.89624,-8.05837,0.597909
-3.93206,2.36755,-10.4167
0.320321,0.533678,0.216839
0.496105,0.354224,0.464253
-3.89461,1.57963,-10.5434
-1.90884,3.09242,10.0782
10.5914,3.59664,-0.283516
0.459085,0.684083,-0.57973
-2.63546,3.26721,9.75091
3.21971,-0.393336,-0.588881
11.4422,3.44201,-0.98796
-6.15972,9.40504,-4.70171
-2.67974,-7.47907,11.3345
0.440891,5.6377,4.30642
-6.15752,1.861,-11.6632
-0.0423197,-3.17605,-4.85257
-1.01991,-11.1432,-0.644516
-2.41363,7.97082,0.378664
0.0890117,0.408531,0.339417
-1.73159,2.93626,9.36816
10.8555,3.73916,-0.852398
-6.00138,8.85259,-4.66585
-2.99322,-7.05779,11.2953
0.511211,5.95805,4.56813
-6.22186,1.86165,-11.7313
0.608987,-3.51355,-4.63136
-0.213211,-12.1628,-3.1841
-2.45443,8.04545,0.344806
0.637441,0.170954,0.140513
-1.64576,3.29493,10.0057
10.9404,3.39755,-0.301961
-6.03974,8.99344,-4.73061
-4.45263,-0.404064,5.37118
0.541052,5.66819,4.38128
-6.06071,1.83151,-11.8086
-0.444104,-2.92609,-5.02866
-0.267091,-11.9832,-2.16491
-2.80965,8.39471,-0.429907
0.28314,0.460259,0.337833
-1.68694,3.16571,9.70115
10.5666,4.18426,-0.4834
-1.66401,3.1332,9.52154
0.356203,-3.20966,-4.78022
-0.484653,-3.15475,-5.0788
-1.442,-11.5933,-0.703181
-0.219348,-3.24622,-4.91605
11.0895,4.20378,-0.866787
-1.79565,2.70069,9.29193
-0.00959091,0.346137,0.230624
-1.64878,2.8671,9.29155
0.137609,0.00114294,0.250841
-6.33083,1.73973,-11.7774
-6.09581,8.89232,-4.35292
-2.51004,6.35948,0.676111
-2.46357,6.98133,1.32595
0.868924,5.72175,4.43944
0.257599,-3.04417,-4.7164
-6.0932,9.11542,-4.7193
11.6908,3.02697,-0.687236
10.5079,3.73124,-0.195506
-3.33044,-6.92185,11.7055
-3.23111,-6.92161,11.5456
-2.30983,7.99302,0.215079
-0.0176282,0.509153,0.791144
-2.58381,-7.88408,11.6547
10.5164,3.46311,-0.324656
-6.20508,8.98275,-4.24902
-3.33376,-7.17839,12.062
-1.01133,-11.6397,-0.949295
0.587592,5.96912,4.54397
0.419351,6.0265,4.60154
-2.90989,8.47035,-0.680149
0.46702,5.80046,4.4661
0.487631,5.9796,4.53429
-6.1739,1.93564,-11.9896
-0.398622,-11.8363,-2.37453
-1.08049,-11.7357,-1.08188
-1.22626,-11.3539,-0.700068
-6.23628,1.68907,-11.8222
-1.6043,3.06968,10.1161
-5.76157,8.45298,-4.76101
0.131457,-3.03776,-4.81665
10.9129,3.36244,-0.448781
-1.89752,3.25766,10.1056
-0.446132,-3.04329,-5.05263
-4.61561,-0.107656,5.31823
-0.271246,0.0573795,0.242717
-3.20843,-6.97373,11.7795
10.3418,3.86133,-0.348871
10.6604,3.4079,-0.314885
-6.09358,8.9148,-4.46002
-2.29027,7.83447,-1.17349
-1.27209,-11.8486,-0.893773
0.477515,5.8209,4.35485
-2.96318,-7.11572,11.4373
-5.78484,8.47909,-4.71925
-2.98273,8.41734,-0.499995
0.352381,5.75201,4.41822
-6.06451,8.99925,-4.80663
0.554652,5.79897,4.38752
-2.01615,2.84009,10.4721
-5.91069,8.61083,-4.37519
-2.21435,6.92818,0.401436
-0.0848779,-12.3625,-2.59952
-0.789585,1.12267,0.692243
-6.30571,1.77169,-11.6786
0.416587,5.74472,4.34908
-5.79493,8.48138,-4.61697
-6.23607,1.72293,-11.7209
11.3911,3.11999,-0.97282
-0.207034,-3.25656,-4.98067
0.197545,5.72397,4.15995
-0.481729,-11.4304,-2.81647
-1.60736,3.30167,9.88026
-1.22605,-10.6791,-0.52661
-5.94905,8.65564,-4.41871
-2.69784,8.27257,-0.399948
-0.150792,-3.14053,-4.95005
-6.28749,1.64612,-11.8071
-6.12075,1.70946,-11.7751
-2.87603,8.39948,-0.429653
-2.61971,-7.94475,11.75
0.473799,0.352386,0.329663
-2.5796,-7.95675,11.6614
-3.18208,-6.85998,11.5571
-0.26391,-3.31002,-4.90723
0.0702084,-3.26299,-4.98968
-5.90631,1.64976,-11.6455
0.149206,0.41846,0.446907
-0.00214175,0.568043,0.737227
-6.30304,1.78556,-11.6445
-1.67525,2.11315,10.5792
10.7208,3.61939,-0.281369
-0.763708,1.10519,0.679792
-1.74496,2.50912,10.4805
0.40021,0.137124,-0.184115
11.7953,4.24831,-1.06999
3.08847,-0.338647,-0.0888063
-2.35313,-7.02715,11.2435
1.04616,8.0444,4.72791
-3.60649,2.09309,-10.1261
6.62811,-7.49089,1.48081
-1.38491,-10.8813,-0.528867
-2.41731,6.53529,0.620829
9.08359,-2.18422,7.46268
-1.86011,-0.654816,-0.884254
11.346,3.29509,-1.21096
2.97285,-0.299014,0.1627
-2.47005,-6.93927,11.4278
0.567096,7.27184,4.67773
-3.83048,1.85002,-10.1985
0.534966,-3.50691,-4.66053
-1.29588,-11.1327,-1.07235
-2.33025,7.92028,-0.206196
-0.375555,0.308351,-0.572193
-2.05647,-0.838458,-1.05789
11.779,4.0502,-1.1855
2.55576,-0.410851,-0.00363422
-2.49839,-6.8907,11.1422
1.5076,7.24756,5.12706
-3.90268,2.04882,-9.98921
6.70244,-7.8156,1.08711
-1.56988,-11.7038,-0.760686
-2.5472,6.70657,1.39129
-0.15962,0.201538,-0.566277
-2.17668,3.13611,9.64485
11.9045,4.28583,-1.16986
-1.74934,2.61079,9.19524
6.90312,-7.75504,1.17842
6.02246,-8.08713,1.39351
-0.959543,-12.0264,-2.25321
5.82721,-7.52029,1.67671
12.0972,4.38434,-1.34871
-2.22546,2.85361,10.4127
-0.97855,1.12964,0.713543
-2.09136,2.09065,9.73733
8.63077,-2.17179,7.16172
-3.86135,1.18764,-10.4928
2.15825,-0.717432,-0.601503
-2.56608,7.75671,-0.11521
-2.52877,6.69016,1.68484
0.590803,7.07718,4.8998
6.89731,-7.70849,1.32206
1.91806,-0.425675,0.10013
11.9805,3.64926,-0.830175
12.2128,3.60388,-0.949767
-2.5829,-7.54753,11.1258
-2.98949,-6.94067,11.3786
-2.68417,6.43305,0.91451
9.60261,-2.37408,7.60743
-2.51527,-6.77254,11.3365
12.0297,3.8389,-1.14161
-5.8003,8.49218,-4.75106
-2.47467,-7.22287,11.3721
-1.48057,-10.8214,-0.451097
0.91857,7.70854,4.48467
0.628689,6.81834,4.95201
-2.48294,6.49922,1.17681
1.04273,7.36129,4.84895
0.755648,7.46685,4.66529
-3.88044,1.69729,-10.1262
-1.58161,-11.6401,-1.02299
-1.51582,-11.6539,-1.09972
-0.830465,-12.3683,-2.62948
-4.00423,1.76789,-9.97821
-1.9956,-0.849425,-1.0342
3.32394,-0.433752,-0.355341
0.295378,-2.69489,-4.31909
11.4651,3.87819,-1.35152
-1.84471,-0.642965,-1.00036
7.00751,-7.8496,1.34229
-2.58266,-6.80418,11.3993
9.01652,-2.21886,7.45314
-2.5693,-7.38011,11.0389
11.8241,4.12743,-0.942071
11.6027,4.0054,-1.49163
3.01671,-0.287605,0.14944
-2.60882,7.47095,0.940717
-0.404721,-12.4321,-2.4362
0.66501,7.20479,4.87763
-2.7271,-6.97009,11.1532
2.8451,-0.268196,0.216276
-2.52061,7.63931,0.970073
-3.8414,1.69728,-10.2548
-1.56997,-10.94,-0.412531
1.05773,6.40093,4.71031
3.17106,-0.284971,0.0822427
0.976647,7.71436,4.36356
-1.92682,-0.714329,-0.939237
4.40024,-0.181423,-0.247805
-2.62802,8.04798,0.0451404
-1.01661,-12.0069,-2.25586
0.0234549,0.310459,-0.143555
-3.86046,1.02501,-10.4046
1.08023,7.81893,4.44478
4.56829,-0.119125,-0.0351612
-3.70778,2.37817,-10.307
11.4599,3.23429,-1.16287
6.76144,-7.65281,1.68599
1.65691,7.1931,5.37859
-1.36644,-11.2351,-0.846144
-1.95096,-0.761388,-0.995244
-1.51156,-11.7356,-1.13711
2.47285,-0.515965,-0.632039
-2.82333,8.37012,-0.215327
6.70472,-7.98256,0.896133
-3.91659,0.495658,-10.3983
-3.76208,1.5641,-10.4142
-2.57397,7.51238,0.876113
-2.48028,-6.96817,11.1334
8.75558,-2.12538,7.33687
-2.52459,-7.44873,10.9858
-2.50278,-7.16948,11.4423
6.0969,-7.8165,1.53737
-2.59646,6.84471,1.22323
-6.91958,-4.43416,-1.0753
-0.0914186,-3.40721,-5.13004
-4.04261,1.65171,-9.93418
8.8056,-1.68049,7.59629
8.92717,-2.1364,7.31926
-4.00888,1.49008,-10.6453
-7.03796,-4.47444,-1.07259
11.7182,3.07367,-1.07653
-0.281181,0.238682,-0.641407
-1.96678,-0.76042,-0.979308
1.18346,6.18334,4.7441
11.2927,2.89495,-0.802955
-6.30438,9.44793,-4.39816
-2.72496,-6.65145,12.1566
0.902255,6.92272,4.98895
-6.28514,1.75405,-12.0394
6.6958,-7.71387,0.64559
-0.421189,-11.4394,-2.85592
-3.27439,5.65728,2.32605
9.50284,-2.23092,7.49064
-2.39276,3.60738,9.73668
11.186,3.39666,-0.922134
-6.02128,8.65903,-3.71104
-4.61095,0.0944707,4.9819
0.899429,8.27652,5.0284
-7.0033,2.62085,-11.8727
6.35482,-7.77839,0.424236
-0.406353,-11.4782,-3.06868
-3.31564,5.63255,2.37078
-0.155637,0.609139,-0.0839708
-1.73754,2.39415,9.44563
10.9991,3.45307,-0.481931
-6.11328,8.83074,-4.06879
-3.19471,-7.41676,12.7263
1.33123,7.93939,5.44714
-6.14762,1.96584,-11.9466
6.51163,-7.77432,0.487003
-0.228981,-11.7925,-3.38386
-3.3527,5.59939,2.4031
9.59718,-2.72423,7.67515
-1.75683,2.49974,9.50617
10.728,4.06903,-0.838709
-1.64945,2.01996,10.3828
6.81191,-7.60501,0.802559
6.4183,-7.81773,0.522447
-0.440498,-11.695,-3.48194
-2.26724,3.745,9.51596
11.1059,3.37114,-1.06872
-1.60205,1.99341,10.3953
9.34722,-2.08787,7.36053
-1.88084,2.52173,9.95351
9.23407,-1.94672,7.47146
-5.89833,2.05972,-11.7145
-6.16254,8.93171,-4.12233
-3.35627,5.58747,2.40448
-3.12588,5.95065,2.20124
0.889943,8.07363,5.09618
6.47633,-7.78034,0.535743
-6.02905,8.68149,-3.75336
11.5646,3.06213,-0.691802
11.1601,3.35433,-0.433139
-4.61786,0.242764,4.85419
-2.77586,-6.88706,12.3035
-3.3066,5.63252,2.37167
9.81848,-2.4561,7.56698
-4.62853,0.121929,5.01305
12.1714,3.34169,-1.23705
4.54994,-6.07924,-3.19257
-4.68874,0.249297,4.85789
-1.15745,-10.8536,-1.17207
0.703373,7.68821,5.09022
0.855667,8.24967,4.98869
-3.39346,5.55462,2.43624
0.808301,8.11342,5.09469
0.83946,8.26494,4.89966
-6.44154,2.15816,-11.9179
-0.246698,-11.7277,-3.26441
-0.351257,-11.5482,-3.00847
-0.21792,-11.805,-3.32721
-6.07493,1.84318,-11.9574
-2.04302,2.44995,10.0254
-6.11101,8.87152,-4.10136
7.02584,-7.9633,1.43893
11.0195,4.21686,-0.833001
-1.59053,1.98017,10.3844
6.38877,-7.85261,0.584811
-2.93543,-6.92988,12.3274
9.36495,-2.097,7.488
-2.82165,-7.15935,12.2211
11.9249,3.53777,-1.43751
11.3543,3.02013,-0.574199
-5.97722,8.59383,-3.72162
-3.36155,5.5889,2.4097
-0.625883,-11.4987,-2.06595
0.960087,8.286,5.12913
-3.08189,-7.57439,12.4936
-5.89801,8.53689,-3.87923
-3.13356,5.84643,2.24378
-5.22456,1.38897,-11.2225
-0.221909,-11.9931,-3.4945
0.926412,8.22867,4.82211
-5.86588,8.57281,-4.06564
0.795549,8.19373,4.836
-1.6535,2.378,10.2097
-6.13205,8.8237,-3.8941
-2.00286,-0.760026,-0.970546
-0.30691,-11.8463,-3.4741
8.74686,-2.16704,7.55764
-6.51688,2.1676,-12.0159
0.836015,8.19543,4.69666
-6.08915,8.74143,-3.78255
-6.15094,2.03228,-11.9143
11.0637,3.14439,-0.79584
6.89904,-7.76907,0.639874
0.858287,8.23208,4.90237
-0.213098,-11.7771,-3.11195
-1.56159,2.00807,10.4353
-0.305033,-11.3448,-1.46666
-6.22709,9.00586,-4.10565
-3.34758,5.60366,2.39973
6.33747,-7.81193,0.414512
-5.38661,1.51653,-11.3789
-5.79996,1.7139,-11.7381
-3.39315,5.54449,2.43732
-2.6809,-7.38751,11.9708
9.15825,-2.41314,7.53778
-3.15399,-7.27938,12.6625
-3.99531,-0.707965,4.97378
0.13908,-2.798,-4.63044
-3.19226,5.78623,2.2666
-1.7724,2.44273,10.0954
6.44902,-7.8422,0.546233
-5.27778,1.45248,-11.2871
0.111166,0.301819,0.0448719
0.244698,0.293068,-0.0250341
-6.34141,1.72765,-11.9177
-2.70076,3.21972,9.83119
11.7247,3.95766,-0.920025
9.28095,-2.17301,7.47481
-1.73852,2.27917,10.116
9.32252,-2.10903,7.4671
11.2609,4.06172,-0.895695
4.56949,-5.92547,-3.04005
-4.74746,0.629499,4.73009
0.599684,6.73994,6.61779
-6.84061,3.1842,-11.8784
7.05826,-7.93201,1.58525
-0.641099,-11.391,-2.06271
-2.30688,7.87228,-1.23538
-1.10651,1.31474,0.630713
-1.81543,1.79752,10.0734
12.2925,3.61934,-0.919783
4.59267,-6.08338,-3.27059
-5.26526,0.424067,4.76595
0.539976,6.82573,6.53848
-4.26738,2.92813,-10.2606
6.42637,-7.58359,1.87942
-1.00862,-10.9445,-1.35601
-1.99539,7.76406,-0.637952
-1.32747,1.38604,0.778789
-1.89545,1.9757,10.0578
11.6881,4.25709,-1.30422
4.5671,-5.95725,-3.33195
-5.05988,0.50786,4.67345
0.493496,6.85403,6.58815
-7.0545,2.45903,-12.2161
6.63157,-7.52758,1.7497
-1.15374,-11.1431,-1.51777
-2.65564,6.19967,1.00499
-1.4699,1.46597,0.878872
-1.67164,1.81333,9.8324
11.3876,4.25153,-1.00229
-0.203375,0.373726,-0.406006
6.99817,-7.74743,1.16396
6.28802,-7.44718,1.81589
-0.721221,-11.3057,-1.91263
6.59226,-7.54375,1.8163
12.1345,3.18663,-0.898664
-2.66536,3.1295,9.86914
-1.13963,1.33959,0.650358
-1.73305,1.755,10.0267
-1.40929,1.39556,0.791058
-7.04839,2.87468,-11.9713
4.46687,-6.00365,-3.40847
-2.42339,7.15708,0.668853
-1.90474,7.57772,-0.292318
0.574034,6.78001,6.65197
6.72009,-7.57614,1.63965
4.53969,-5.76242,-3.27717
11.5435,3.84877,-0.679313
12.1991,2.94049,-0.723737
-5.35065,0.497788,4.78677
-5.39033,0.4946,4.78388
-2.26127,8.00567,-1.01839
-1.48573,1.44782,0.840869
-5.15991,0.501081,4.824
11.6827,4.1334,-1.03899
4.51039,-5.98423,-3.3871
-5.40807,0.490382,4.80002
-0.657786,-11.3111,-1.73764
0.580329,6.7346,6.70377
0.79199,6.51093,5.66638
-2.63928,6.31606,0.777843
0.456693,6.90461,6.65365
0.608308,6.73856,6.63095
-7.20533,2.63924,-11.9666
-0.843011,-10.989,-1.47183
-0.691631,-11.3638,-1.92313
-0.910119,-10.8754,-1.32093
-6.65681,3.15504,-11.866
-2.69311,2.87821,9.90381
4.53977,-5.79559,-3.27325
6.79205,-7.68442,1.51307
10.9099,3.87689,-0.600682
-2.41324,2.38226,10.0183
6.52386,-7.63766,1.92075
-4.92254,0.45263,4.65117
-1.44633,1.43231,0.815397
-2.42894,-6.89609,11.4502
11.9136,3.71752,-1.33784
11.4909,4.30323,-1.03322
4.50743,-5.86503,-3.35295
-2.09094,7.7982,-0.518904
-0.732351,-11.083,-1.56487
0.471824,6.85224,6.62097
-2.48703,-7.53422,11.6647
4.56763,-5.73888,-3.28998
-1.86195,7.60223,-0.410984
-7.02551,3.00955,-12.054
-0.516301,-11.3623,-1.64444
0.567479,6.79,6.6355
4.50701,-5.98179,-3.43358
0.541524,6.89641,6.56905
-1.77067,1.76131,10.0282
4.56104,-5.90965,-3.07628
-2.4261,7.91433,0.12841
-0.679003,-11.4254,-2.0198
-1.42083,1.43091,0.816858
-7.07437,2.91166,-11.9594
0.508336,6.84407,6.5966
1.45023,-0.704866,-0.280184
-6.95759,3.06892,-11.9469
11.6262,4.44168,-1.34412
6.25236,-7.3706,1.93204
0.472873,6.91405,6.52786
-0.656251,-11.528,-1.97045
-1.76439,1.74044,10.0205
-0.689257,-11.3525,-1.89132
4.56841,-5.7568,-3.07489
-1.98953,7.63544,-0.107042
6.70364,-7.61571,1.55629
-7.0826,2.64933,-12.3505
-7.11233,2.64432,-11.9758
-2.94662,8.30551,-0.872747
-5.32319,0.481569,4.76276
-1.06249,1.25335,0.563105
-2.52032,-6.76257,11.4966
-5.3441,0.503119,4.78638
7.05961,-7.98159,1.54903
-1.88378,7.54578,-0.300717
-2.14469,2.55132,9.64155
6.5381,-7.61385,1.83338
-6.93018,3.15641,-11.9947
-1.17509,1.36582,0.68827
-1.45039,1.44599,0.824079
-6.83996,3.18938,-11.9023
-2.62104,2.68742,10.0546
11.4602,3.9922,-0.969819
-1.45624,1.45967,0.838193
-1.69491,2.50062,9.64406
-1.12268,1.29646,0.609756
11.0812,4.34203,-0.777474
2.43252,-0.443002,-0.210817
-3.64484,-6.72919,11.8697
0.580552,7.03626,5.0313
-6.09023,2.01122,-11.8292
6.65696,-8.50542,1.3777
-1.48874,-11.7897,-1.082
-2.00346,7.74517,-0.290214
8.85461,-2.18662,7.3981
-6.88633,-4.47617,-1.04561
11.9042,4.62559,-1.7501
1.91759,-0.739142,-0.480642
-3.81931,-6.57754,11.87
0.745794,6.92587,5.33225
-6.10425,2.03588,-11.8864
-0.0250405,-2.82825,-5.14203
-1.59101,-11.6732,-1.0711
-2.6778,6.31805,0.776801
0.151098,0.273172,-0.352636
-7.03864,-4.37059,-1.19842
10.7496,4.28627,-0.388703
2.18979,-0.7279,-0.591681
-3.736,-6.60511,11.9905
0.598213,7.2134,4.77135
-5.46623,1.53269,-11.3451
-0.106494,-2.80001,-4.92135
-1.62176,-11.5653,-1.05835
-3.02497,6.00622,1.02623
8.82794,-2.25307,7.54067
-6.9585,-4.41674,-1.11739
11.5296,4.0323,-1.45271
-7.0794,-4.30282,-1.25928
6.23985,-8.55664,1.09661
0.0619592,-2.78452,-4.52009
-1.30506,-11.5024,-0.610094
-0.0147906,-2.79691,-5.00653
11.1541,3.35311,-0.687602
-6.30419,9.09016,-4.25513
0.60138,0.194844,-0.232013
-6.99728,-4.38768,-1.15558
8.82417,-2.15007,7.36916
-6.00146,2.01696,-11.7915
2.03999,-0.356297,-0.0331971
-3.0341,5.998,0.987069
-2.98488,6.03747,1.07081
0.852477,6.50584,5.34027
-0.0380873,-2.75287,-4.82549
1.9885,-0.445277,-0.125661
10.7203,4.02249,-0.360428
11.6169,4.1075,-1.62682
-4.59631,-0.290217,5.39217
-3.74488,-6.63971,11.91
-2.77746,6.31753,0.831512
0.0292785,0.221294,-0.462317
-4.60954,-0.307927,5.44502
10.2971,3.93074,-0.233298
3.84045,-0.243845,0.0738762
-4.58376,-0.295045,5.42584
-1.46328,-11.7789,-0.843912
0.921773,6.77611,5.37816
0.633361,7.0379,5.04554
-2.84612,6.34653,0.958953
0.938665,6.84935,5.35394
0.772731,7.1116,4.78503
-5.5391,2.17934,-11.5339
-1.66978,-11.0749,-0.442557
-0.740861,-12.3475,-2.70651
-1.6612,-11.1096,-0.41789
-6.09958,2.01231,-11.9308
-6.94862,-4.36762,-1.1572
2.30812,-0.37926,-0.553683
6.13811,-8.49055,1.06624
10.4595,4.00927,-0.332421
-6.99889,-4.36369,-1.17875
6.29303,-8.53894,1.10477
-4.58498,-0.407751,5.51172
9.38794,-2.37375,7.56609
-3.56817,-6.7966,11.787
10.7825,4.31564,-0.710227
11.3836,3.69334,-1.18593
3.80607,-0.293759,0.0817604
-2.86685,6.20808,0.903421
-1.5849,-11.5442,-0.990049
0.702718,6.87123,5.20677
-2.59079,-7.62745,10.9666
2.20813,-0.20747,-0.713641
-3.01695,6.03147,1.00658
-6.28555,2.16963,-11.9808
-0.624338,-12.2246,-1.83404
0.861081,6.94537,5.34231
2.10101,-0.326673,-0.598067
0.711237,7.88504,4.55321
-7.00193,-4.35502,-1.17877
1.99221,-0.478391,-0.355206
-2.90316,6.21676,0.926672
-1.50829,-10.9203,-0.459536
0.586248,0.223074,-0.368891
-6.89499,3.13859,-11.9243
0.787518,7.765,4.43085
2.31866,-0.357242,-0.57388
-3.97065,2.98768,-10.0362
10.7424,4.01349,-0.100039
6.31105,-8.32643,1.07618
0.666144,7.2813,4.60938
-0.481512,-12.3054,-2.005
-7.09292,-4.30875,-1.25431
-0.554338,-12.3177,-2.07106
2.33685,-0.464116,-0.239662
-2.94072,6.14479,0.947777
-0.0169368,-2.83221,-4.87232
-7.0703,2.61362,-12.3057
-3.66866,2.62927,-10.3219
-2.96759,6.13593,0.952102
-3.7014,-6.63046,11.8582
-0.134336,0.235766,-0.724447
-3.68533,-6.61421,11.7879
-3.66943,-6.64575,11.8476
-0.193542,-2.73943,-4.74162
-1.92209,7.55807,-0.20787
-7.01596,-4.43111,-1.11623
-0.417672,-2.93341,-5.0056
-7.10067,2.59372,-12.3788
9.11302,-2.22755,7.47507
0.226628,0.435144,-0.879736
-3.92259,2.74985,-10.2126
-7.00757,-4.44539,-1.0886
11.0558,4.20905,-0.746466
8.71133,-2.13744,7.46896
-6.97771,-4.39177,-1.14207
0.0324294,0.377376,-0.613179
12.3283,3.73844,-1.28417
4.63374,-0.0661433,-0.181741
-2.69738,-7.51893,11.2856
0.812057,7.80578,4.31941
-7.06985,2.38431,-12.2387
0.59968,-3.43567,-4.56907
-0.549898,-11.711,-3.39376
-2.34052,7.37037,1.16274
1.42153,0.16603,-0.398629
-2.05785,2.48216,9.35744
12.3797,3.31633,-0.899919
4.71021,-0.165322,-0.140604
-2.61866,-7.45078,11.5135
1.02952,7.48225,4.30173
-6.72992,2.23774,-12.1475
-0.360962,-3.19238,-5.07652
-0.66291,-11.647,-3.41868
-2.15775,7.89684,-0.0490974
-5.82246,8.45472,-3.84801
-2.4102,2.85499,10.0217
12.0606,4.17297,-1.25185
3.86074,-0.226852,0.0695725
-2.56637,-7.71014,11.0564
1.4827,7.43112,4.67961
-6.97809,2.43541,-12.2593
-0.306776,-3.17988,-4.97368
-0.293913,-11.7823,-3.45033
-2.31049,7.83177,0.189092
0.12069,0.262397,-0.762561
-1.76514,2.37551,9.43645
12.0578,3.83836,-0.973999
-2.7388,2.9517,9.84556
0.611306,-3.54382,-4.67103
-0.212193,-2.90566,-4.68943
-1.08343,-10.7397,-0.565689
0.619188,-3.46008,-4.56494
11.809,4.0367,-0.994294
0.47969,6.75279,6.77239
9.70047,-2.26172,7.74569
-2.65036,3.09655,9.96515
9.93505,-2.69811,7.62644
-4.01581,0.895312,-10.567
1.56606,-0.638599,-0.161961
-2.90395,8.19817,-0.653798
-2.27658,7.23131,1.22022
1.45969,7.30721,4.45014
0.535256,-3.39086,-4.58491
1.76899,-0.410325,-0.243129
11.2239,3.55605,-1.19866
11.4234,4.03932,-0.944113
-3.05806,-6.89633,11.6022
-2.54509,-8.03914,11.593
-2.9926,8.4035,-0.649889
10.0196,-2.80054,7.68495
-2.63865,-7.57398,11.0578
11.5117,4.52543,-1.13737
4.45016,-6.15838,-3.51913
-3.15099,-7.50841,12.5141
-0.159158,-11.858,-2.48548
1.32588,7.46223,4.40529
1.24768,7.34868,4.38459
-2.20409,7.8105,0.453507
0.947993,6.24297,4.93139
1.07377,5.91217,4.58943
-6.67626,2.48336,-11.9228
-0.293643,-11.6444,-2.97853
-1.01429,-10.9372,-0.69977
-0.531143,-11.7554,-3.44259
-6.97707,2.40844,-12.256
-2.06109,2.61371,9.4803
1.55936,-0.282592,0.15793
0.460986,-3.41058,-4.76577
10.5859,4.07099,-0.426024
-1.79074,2.57428,10.2487
0.418883,-3.30336,-4.72609
-2.6116,-7.82352,11.1279
0.531798,0.0407448,-0.0645164
-2.60236,-7.93412,11.6143
10.2957,4.16299,-0.424844
11.9777,3.34719,-1.48596
2.18351,-0.721127,-0.574604
-2.32704,7.87388,0.437404
-1.12986,-11.2565,-0.687542
1.11928,6.46669,4.69478
-4.35428,-0.37999,5.18213
2.8459,-0.38315,-0.157222
-2.26814,6.7338,0.563467
-4.23718,0.639568,-10.6089
-0.355117,-11.8504,-3.48696
1.07478,7.71138,4.42568
3.38578,-0.418286,-0.404795
1.25848,7.57773,4.63122
-2.66193,3.14527,9.8811
3.50267,-0.408825,-0.456756
-2.8722,8.25982,-0.468505
-0.864449,-10.7473,-1.0146
1.26181,0.191376,-0.400147
-7.11441,2.45215,-12.1841
1.34435,7.86842,4.64326
3.96226,-0.168784,-0.0571865
-4.05071,0.27249,-10.4552
11.7886,3.9484,-1.45726
0.657582,-3.59442,-4.64802
0.896607,5.67529,4.89332
0.126564,-12.2518,-2.78137
-1.87674,2.59316,9.3579
-1.55598,-11.4155,-0.619809
2.07781,-0.336375,0.0204067
-2.35214,8.05308,0.295023
-0.22755,-3.05718,-4.84038
-7.05543,2.41908,-12.2103
-4.20631,1.16774,-10.8748
-2.32105,7.80835,0.656586
-2.57925,-7.90531,11.2467
9.89022,-2.86355,7.78845
-0.520676,5.56441,3.76985
-3.62803,-6.57766,11.8322
6.90065,-7.74539,0.381204
-2.17794,7.77287,-1.00655
-2.73569,3.26665,9.77876
-0.280415,-3.2965,-5.01384
-7.06784,2.41857,-12.19
9.91738,-2.78995,7.71197
0.580176,8.21946,4.72574
-4.02001,0.368646,-10.4698
-2.65217,3.18612,9.81814
11.302,4.07272,-0.783056
9.93048,-2.88416,7.79376
-2.41876,3.33669,9.70149
1.53991,0.0546409,-0.452052
4.4128,-6.11654,-3.55806
-2.47347,-6.83229,11.4722
1.53009,7.7032,5.28071
-4.35949,0.872727,-10.7036
6.71391,-7.63611,1.49807
-1.72414,-11.3366,-0.625017
-2.78889,7.08702,1.71638
8.8375,-1.99834,7.3396
-1.74564,2.32732,9.16996
12.3061,3.47056,-0.959561
4.462,-6.17409,-3.48336
-2.90283,-7.85605,12.2216
1.23473,7.93687,4.85114
-4.3246,0.83873,-10.6858
6.11654,-7.37152,1.87743
-1.72017,-11.4747,-0.500821
-2.8824,7.39998,1.292
8.85272,-1.85225,7.48962
-1.93415,2.03191,9.47794
12.2966,3.41903,-1.08108
4.45264,-6.17711,-3.50371
-2.50932,-6.89694,11.9365
1.065,8.04231,5.00954
-4.00993,1.68312,-11.09
5.86734,-7.14777,1.87178
-1.58888,-10.9416,-0.326409
-2.78667,7.06044,1.75393
8.68952,-1.89168,7.34879
-1.74892,2.11466,9.32413
11.6555,3.60785,-0.761336
-2.32343,3.0929,9.70368
5.88453,-7.2283,1.79478
6.37104,-7.43493,1.5962
-1.45812,-11.1612,-1.10607
5.93181,-7.23385,1.82127
12.3708,3.49322,-1.29927
-1.93457,2.10702,9.80499
8.72769,-1.93855,7.39302
-2.17026,2.3662,9.24633
9.28926,-2.07102,7.48092
-3.48351,1.96311,-10.826
4.55147,-5.88965,-3.00226
-2.88974,7.46873,1.03488
-2.66922,6.9468,1.76564
1.21861,7.90423,4.89672
5.80853,-7.05212,1.73989
4.57202,-6.05918,-2.95687
-2.69929,-6.90647,12.1829
-2.89721,7.43547,1.29836
8.90491,-1.92846,7.54275
-4.76668,0.455564,4.70382
12.1231,3.39459,-1.40409
4.57155,-6.08368,-3.05615
-2.64418,-6.45864,12.1893
-1.77133,-11.31,-0.610822
1.38354,7.72061,4.8155
1.35608,7.75127,4.96277
-2.94531,7.24634,1.52094
1.55957,7.7618,5.46181
1.32274,7.95773,5.31704
-3.87722,1.80842,-11.1151
-1.29887,-11.054,-1.18052
-1.53289,-11.0378,-0.9335
-1.75212,-11.3488,-0.694176
-4.04027,1.69764,-11.1099
-1.78815,2.25374,9.21931
4.56143,-5.88047,-2.97495
6.39246,-7.39594,1.65933
12.3678,3.41345,-1.22631
-1.87712,2.15451,9.26767
5.98357,-7.38365,1.76537
-4.68501,0.38018,4.77481
9.0313,-2.11802,7.43443
-4.81025,0.404568,4.76504
12.3662,3.55678,-1.39867
11.9146,3.0091,-1.36342
4.57241,-6.0969,-3.06332
-2.29556,7.29252,0.973905
-1.7687,-11.0415,-0.654625
1.52315,7.73296,5.51039
-2.79685,-7.04808,12.2548
4.46399,-6.18891,-3.49244
-4.00364,0.142642,-10.3862
-0.651369,-12.3911,-2.56361
1.53987,7.49633,5.2343
4.60012,-6.04572,-3.00724
1.42961,7.87656,5.47863
-1.87159,2.34002,9.42686
4.56519,-5.96304,-2.92929
-2.80671,7.19041,1.56197
-1.34304,-11.2243,-1.46337
9.77157,-2.47514,7.60576
-3.84961,1.84825,-11.1332
1.36063,7.62375,4.68743
4.55746,-5.90323,-2.94406
-4.57409,0.8955,-10.7756
12.3064,3.57475,-1.3415
6.76446,-7.70323,1.23486
1.3585,7.90154,5.24942
-1.53305,-11.0426,-0.612704
-2.02804,2.14157,9.38298
-1.24134,-10.7761,-0.704615
4.51063,-6.2102,-3.27464
-2.8502,6.96589,1.71278
5.99863,-7.15828,1.74907
-4.28685,1.12951,-10.6978
-3.4321,2.12526,-10.8468
-2.9061,7.48604,0.9523
-2.68153,-6.42147,12.0966
8.72657,-1.82519,7.43965
-4.77914,0.524254,4.67238
-3.11149,-7.22909,12.6022
5.94667,-7.21207,1.85481
-2.76211,7.40704,1.38747
-2.16476,2.98504,9.59521
6.07091,-7.6668,1.58925
-3.38027,2.25164,-10.7344
-3.45175,2.17323,-10.5209
-1.34724,1.93312,9.45819
12.3909,3.46499,-1.25513
9.6038,-2.38358,7.6405
-2.02578,2.1396,9.57212
8.80412,-2.0376,7.44263
11.9078,3.98227,-1.6037
1.39154,-0.580814,0.064117
-2.51205,-7.5103,11.6012
1.63892,7.04784,5.32022
-3.40498,2.25499,-10.6488
0.306769,-2.75138,-4.31955
-1.5629,-10.9752,-0.406304
-2.75686,7.5762,0.471004
-0.197654,0.270581,-0.48338
0.594868,7.33556,4.72365
11.3926,3.36639,-0.630944
1.57351,-0.495034,-0.0667506
-2.53299,-6.46395,11.4953
1.57518,7.0968,5.45338
-3.37703,2.30637,-10.7023
7.11164,-7.7195,0.73728
-1.16087,-10.7225,-0.510468
-2.83419,7.43587,1.01533
-0.435834,0.311001,0.0255584
-1.15699,2.06288,9.36168
11.9445,3.27698,-0.575446
4.41849,-0.0917995,-0.10071
-4.67478,0.36335,4.81283
1.39192,6.8328,5.31589
-3.50839,2.06645,-10.6514
6.99549,-7.91822,1.4695
-1.52934,-11.3332,-1.27803
-2.80298,7.6075,0.320808
-0.326183,0.143693,0.874104
-1.15345,2.06001,9.37884
11.9374,3.2484,-0.854308
-2.05963,2.68607,10.6587
0.3326,-2.51793,-4.26738
0.369962,-2.62921,-4.33853
-0.161017,-12.4458,-2.72882
0.339947,-2.57246,-4.30775
11.3354,3.38804,-0.46855
-1.13127,2.09227,9.31953
-0.37224,0.0856655,0.932726
-2.34756,2.75168,10.5838
0.0776602,0.397309,0.516693
-3.46207,2.13863,-10.8618
1.58329,-0.284891,-0.129406
-2.9958,7.51798,0.46979
-2.96521,7.49852,0.898853
0.973781,6.48378,5.25747
6.81067,-7.92477,0.890679
3.56342,-0.397897,-0.461738
11.7604,3.36614,-0.444687
11.9315,3.34768,-0.457489
-2.86709,7.63422,0.212543
-0.458592,0.478384,-0.0214211
-4.51825,0.597461,4.65918
12.1975,3.02265,-0.733213
2.4019,-0.39011,-0.624367
-4.78981,0.503581,4.93319
-0.527331,-11.6562,-2.15199
1.24696,6.99747,5.30236
1.03783,6.5364,5.15986
-3.01311,7.56306,0.307374
1.1733,7.12123,5.29828
1.24346,6.97325,5.15944
-3.42959,2.2532,-10.4924
-1.30097,-11.8904,-1.22614
-0.623901,-12.4406,-2.91603
-0.825074,-12.2248,-2.50497
-3.63524,2.55764,-10.2541
-1.13817,2.07216,9.38027
4.51242,-0.00500559,-0.0339918
6.73649,-8.24951,1.15699
11.8724,3.44973,-1.06766
-0.684007,0.235424,-0.30225
0.145543,-2.72836,-4.40363
-4.61437,0.159458,4.94381
-0.433653,0.0528445,0.883287
-4.52452,0.82106,4.80503
12.1617,3.01294,-0.697478
12.1372,2.96556,-0.678851
3.05675,-0.544592,-0.574354
-2.76684,7.74732,-0.279777
-0.484245,-12.2273,-1.91419
1.4568,6.96624,5.3036
-2.69901,-6.74978,12.2124
4.53583,-0.0286898,0.0133944
-2.99828,7.65519,0.14745
-3.38405,2.27322,-10.6231
-1.33703,-11.9811,-1.33692
1.53916,6.92655,5.41248
1.53981,-0.302713,0.0424232
-2.65488,6.41058,1.18658
-1.08641,2.11956,9.263
3.39623,-0.238614,-0.0269115
-2.92326,7.56766,0.749035
-0.833669,-12.3137,-2.67645
-0.408984,0.0647841,0.760179
-3.57449,2.34654,-10.4037
1.45251,6.88909,5.37529
3.36531,-0.427873,-0.558634
-3.59251,1.83008,-10.3663
11.8996,3.98532,-1.42987
6.55396,-8.35487,0.64951
1.34077,6.98089,5.26039
-0.206893,-11.8589,-1.66651
-1.66432,3.12827,9.96836
-1.5953,-10.959,-0.97828
3.3541,-0.472932,-0.516691
-2.08677,7.7545,-0.55618
6.40183,-8.5566,1.1917
-3.89018,1.3639,-10.664
-3.38831,2.19805,-10.6317
-2.82322,7.74132,-0.0843315
-3.05461,-7.14891,12.534
-0.467789,0.258136,-0.337952
-2.56839,-6.49084,11.6362
-4.70784,0.583904,4.70929
0.387828,-2.71545,-4.27525
-2.934,7.58971,0.280427
-1.69917,2.92574,10.0831
6.29656,-8.53369,1.11548
-3.6958,1.72255,-10.4004
-0.423268,0.0490661,0.951337
-0.232432,0.571038,0.721214
-3.73025,2.40908,-10.4223
-1.06819,2.00981,9.3742
11.8985,3.20474,-0.581933
-0.264021,0.08486,0.379333
-1.84004,3.05643,10.0124
-0.338547,0.0927313,0.622052
11.8289,3.85315,-0.869787
-5.77221,8.41097,-3.87659
-2.55417,-7.48591,11.4067
1.16814,7.37596,5.20362
-3.83981,1.66873,-10.4403
6.10077,-8.34827,1.21816
-1.50946,-10.884,-0.390955
-2.21507,8.0265,-0.957755
8.63348,-1.78891,7.50427
-1.8049,2.20643,10.3966
11.7977,4.17005,-1.7159
-5.83191,8.49139,-3.85471
-2.46285,-6.67766,11.8038
0.988014,6.47499,5.07913
-4.42786,0.697679,-10.7278
6.2641,-8.20401,1.4065
-0.718962,-11.4685,-1.79107
-2.22962,7.04279,0.517239
0.229896,0.679294,-0.689556
-1.63124,2.68085,9.19369
11.5225,4.00101,-1.63284
3.29577,-0.289415,-1.04537
-3.78125,-6.51256,11.9865
1.30371,6.71214,5.36421
-6.93232,2.85768,-11.8488
-0.344993,-3.22114,-5.06477
-0.711449,-12.4145,-2.6613
-2.70849,6.29798,0.825132
0.105804,0.762056,-0.530725
-1.72014,2.21581,10.5701
12.0032,4.73511,-1.78195
-2.32128,2.2661,10.0339
6.5473,-8.07264,1.07142
6.7564,-7.76857,0.360496
-0.782441,-12.1463,-2.59653
0.517557,-3.25129,-4.46978
11.9104,4.49743,-1.34427
-2.41782,2.56885,10.1086
-0.440711,0.467157,-0.330916
-2.33315,2.18566,9.88875
-0.232045,0.919982,-0.204777
-4.34546,0.752801,-10.6645
1.76164,-0.298087,0.061276
-2.4847,8.1536,-0.911287
-2.1483,7.94802,-0.853063
1.30408,5.57098,3.8974
6.27456,-8.55342,1.19285
3.25657,-0.203826,-1.12002
11.7748,4.51116,-1.37107
11.9131,4.62861,-1.53579
-4.65247,-0.243231,5.33632
-3.75524,-6.55106,11.9191
-2.09048,7.82075,-0.314877
-0.488275,0.221978,-0.791078
-2.5797,-7.41454,11.0614
11.9885,4.69635,-1.78622
4.76167,-0.13441,-0.223338
-2.52319,-6.8073,11.3683
-0.29301,-12.0354,-3.49906
1.10625,6.5968,5.327
0.985575,5.82648,4.56501
-2.20407,7.98706,-0.957017
0.769436,5.62876,4.76358
0.957714,6.38552,5.10889
-4.0174,0.391093,-10.5488
-0.686097,-12.3868,-2.85568
-0.474499,-11.8653,-2.38749
-0.54209,-11.8063,-2.28522
-3.82574,1.56706,-10.5748
-1.61837,3.12594,10.0166
3.10254,-0.539395,-0.488584
-0.0825778,-2.70235,-4.88727
11.9845,4.71301,-1.73012
-2.24136,2.86585,10.4945
6.21383,-8.26536,1.15423
-2.36421,-6.85093,11.1811
-0.532491,0.488969,-0.310592
-4.48922,-0.248586,5.20443
11.9736,4.72066,-1.80487
11.948,4.668,-1.728
4.44513,-0.0696066,-0.0882316
-2.45534,8.17477,-0.985571
-0.917588,-12.1866,-2.62966
0.829787,5.48969,4.33626
-2.50709,-6.98127,11.0766
3.42422,-0.323507,-1.0185
-2.68126,8.23013,-0.939601
-4.18332,1.20883,-10.7172
-0.653566,-12.381,-2.9895
0.794941,5.65818,4.73375
3.49083,-0.4748,-0.511165
1.2188,7.17724,4.78606
-2.40639,2.26386,10.0276
3.29322,-0.470728,-0.494806
-2.21813,7.91362,-0.160942
-0.648921,-12.3521,-3.01236
-0.35358,0.63257,-0.0280359
-4.07371,1.26009,-10.7149
1.37346,7.00736,4.91368
2.99833,-0.488352,-0.703667
-3.94968,0.832973,-10.4215
11.2843,3.7957,-1.34898
-0.330841,-3.24566,-5.09771
0.861084,5.58039,4.48326
-0.562442,-11.5717,-2.23082
-2.17676,3.03685,10.3779
-0.432208,-12.3637,-3.24425
3.18029,-0.354481,-1.07832
-2.3676,8.07261,-1.0632
-0.24022,-3.31964,-4.97569
-4.02204,0.745489,-10.5113
-3.8403,1.44296,-10.5773
-2.58189,6.46196,0.660789
-2.66419,-7.66798,11.0746
0.998729,0.24571,-0.460913
-2.54966,-7.33934,11.0402
-2.46214,-6.84147,11.1386
-0.353041,-2.84197,-4.94662
-2.38767,6.62215,0.481458
-2.04871,2.87345,10.5311
0.0396089,-2.89799,-4.82359
-4.13063,1.09274,-10.8004
0.173451,0.818619,-0.437988
-0.164846,0.724681,0.00658303
-3.61359,2.0873,-10.277
-2.25562,3.29311,9.62284
11.889,4.58858,-1.78641
0.0806501,0.574823,0.0105623
-2.24098,2.77255,10.5264
-0.200174,0.481435,0.0794456
12.0137,3.37263,-0.560014
-6.26833,9.63588,-4.60287
-4.5501,0.59062,4.7889
1.23524,6.67545,4.91164
-3.99886,0.195924,-10.4012
6.04156,-7.89649,1.4679
-0.0110942,-12.5102,-3.19728
-2.53142,8.27047,-1.10035
0.348829,0.204271,-0.476742
-1.95592,2.19346,9.6083
11.1786,4.01359,-0.462691
3.33098,-0.273211,-1.02581
-4.64388,0.695749,4.66526
0.953155,6.51498,5.24025
-3.99239,0.166447,-10.3853
6.42048,-7.92988,1.26745
-0.0585109,-12.5324,-3.22965
-2.18154,7.31125,0.939905
0.38027,0.342332,-0.624703
-2.27301,2.59833,9.73349
11.3039,3.79431,-0.300473
-6.06896,9.13563,-4.77893
-4.58183,0.63578,4.82624
1.09549,8.00484,5.20795
-3.93352,0.168052,-10.3268
6.17103,-8.39973,1.05431
-0.311975,-12.3849,-3.23718
-2.14645,7.55811,0.200897
-0.0309286,0.624063,-0.40543
-2.36702,2.47033,9.87921
11.8952,2.87983,-0.752877
-2.28335,2.76087,10.0425
6.3466,-8.1744,0.865472
6.33444,-8.29402,0.819862
-0.160064,-12.5169,-3.27025
7.03733,-7.83533,0.742056
10.2138,3.93305,-0.177546
-1.8044,2.69872,10.1183
0.116706,0.503099,0.155757
-2.25012,2.12573,10.0303
0.481316,0.156525,-0.118807
-4.03705,0.141372,-10.4216
4.50784,-0.256623,-0.432073
-2.32135,7.1703,1.29649
-1.95215,7.60262,-0.0768568
1.23627,7.11518,5.06351
6.1955,-8.07532,0.95326
4.68704,-0.0937722,-0.152461
10.7537,4.05591,-0.201692
10.7233,4.03509,-0.251168
-4.55742,0.782721,4.8271
-4.50695,0.898631,4.72295
-2.21681,7.607,0.2374
0.146418,0.374701,-0.593828
-4.45081,0.855518,4.75015
11.7452,4.58415,-1.34791
-6.10342,8.92558,-4.02118
-4.58977,0.818418,4.75994
-0.114806,-11.9291,-3.31814
0.939806,5.70327,4.82429
0.782487,6.89061,5.24263
-2.24937,7.96624,-1.05536
1.08044,6.95219,5.43092
1.15407,7.0848,5.36301
-4.01704,0.193299,-10.4101
-0.306463,-11.8633,-3.45983
-0.20059,-11.9418,-3.40877
-0.194106,-11.8965,-3.10542
-3.8626,0.684283,-10.3627
-1.85956,2.54369,9.28705
4.34488,-0.0683318,-0.0710698
6.12758,-8.37254,1.12043
11.5124,4.23709,-1.3306
-2.24993,2.69749,9.99758
-0.769582,-10.8014,-1.2804
-4.65802,0.148071,4.94647
0.728191,0.123592,-0.217433
-4.42871,0.924905,4.70588
11.9128,4.12588,-1.73086
10.878,3.99639,-0.104367
-5.76714,8.43035,-3.87986
-2.10393,8.02768,-0.793116
-0.199081,-12.322,-3.20078
1.31728,7.05732,4.9387
-4.97346,0.639473,4.76951
4.6338,-0.145919,-0.0442265
-3.0122,8.34962,-0.666952
-3.88406,0.602871,-10.372
-0.119359,-12.493,-3.24306
0.963674,5.58483,4.52702
4.85692,-0.0978238,-0.14899
1.49322,7.50297,4.76958
-1.76604,2.60584,9.80126
4.59394,-0.112212,-0.169184
-2.54779,7.07695,0.976511
-0.135048,-12.5303,-3.10987
-0.272979,0.612449,0.0180474
-4.0297,0.199064,-10.4207
0.843708,6.96307,5.36252
3.79654,-0.409496,-0.490471
-4.01952,1.38176,-10.6305
10.9369,3.94228,-0.332472
6.58183,-8.36277,0.675269
1.24462,7.14557,5.00254
-0.187295,-12.3464,-3.27956
-2.54345,2.72251,9.99081
-0.44495,-11.9927,-3.47289
3.998,-0.39344,-0.549467
-2.55748,8.10514,-0.312512
6.80083,-8.09224,0.531188
-4.1835,0.913662,-10.8027
-4.19958,0.97407,-10.8282
-2.71075,6.64447,0.935539
-4.67923,0.726026,4.76225
0.0146196,0.599162,0.334463
-4.64167,0.449093,4.82394
-4.73465,0.648953,4.74356
6.04394,-8.21878,1.27086
-1.85787,7.52732,-0.177134
-2.5524,2.64811,10.0225
7.15225,-7.83997,0.866481
-4.20661,1.06756,-10.8901
0.525256,0.150071,-0.462024
0.212864,0.404803,-0.787119
-3.88821,0.750569,-10.4269
-2.65209,2.94771,9.77526
10.4156,3.9046,-0.137824
-0.298042,0.727288,-0.183657
12.2979,3.44608,-1.31311
-6.24983,9.50232,-4.43854
-3.01935,-7.55219,12.4286
0.975099,8.14593,4.85942
-6.90087,3.09628,-11.9408
6.66211,-7.7313,1.60642
-1.10172,-10.8192,-0.76479
-2.5344,6.86962,1.78511
9.61515,-2.33517,7.58918
-2.41712,2.94369,9.53781
11.4147,2.9705,-0.872459
-6.25648,9.64994,-4.62089
-3.13547,-7.64851,12.5412
0.960969,8.09268,5.06752
-7.016,2.51888,-12.1596
6.05732,-7.68026,1.63071
-1.17139,-10.7326,-0.482926
-2.63404,6.69282,1.84128
9.63392,-2.34238,7.67436
-2.29283,3.49856,9.54258
12.211,3.71004,-1.07576
-6.22124,9.19597,-4.29568
-2.94714,-7.42705,12.4681
0.961397,7.9555,4.60577
-6.97848,2.79991,-11.9046
5.88301,-7.37019,1.75729
-1.44582,-10.8093,-0.368214
-2.64783,6.83,1.84192
9.54845,-2.3111,7.64503
-2.26732,2.75403,9.40173
11.7283,3.0802,-0.973063
-2.18868,2.93071,9.83684
6.02631,-7.76568,1.59888
5.99114,-7.70524,1.67248
-1.0591,-10.8661,-1.2006
6.11752,-7.76839,1.62872
11.5479,2.94283,-1.15513
-2.29413,3.34991,9.72989
9.43938,-2.34437,7.54594
-2.29157,3.35356,9.59378
9.61188,-2.35767,7.51582
-6.00967,2.39386,-11.7406
-6.17846,9.58763,-4.75282
-2.54614,7.20399,1.55512
-2.492,7.16479,1.58603
1.59702,7.26003,4.66573
6.32473,-7.4228,1.76926
-6.21015,9.59592,-4.70543
11.7896,3.188,-1.1751
11.8657,3.12247,-1.1985
-3.32915,-7.00133,12.6136
-3.08653,-7.37078,12.6226
-2.61427,6.53757,1.65564
10.0588,-2.90125,7.70611
-3.17907,-7.29322,12.6189
12.0266,2.89492,-0.743466
-6.30408,9.73757,-4.69727
-3.20759,-7.35153,12.6707
-1.13848,-10.6616,-0.569826
1.10681,8.02279,4.9964
1.54475,7.70269,4.98682
-2.54651,6.86372,1.65933
1.13368,7.92071,5.02719
1.29913,7.36214,5.02491
-7.0047,2.66853,-12.0442
-1.42509,-10.9565,-0.544213
-1.66698,-11.3279,-0.507237
-1.22706,-11.1351,-1.16071
-6.88621,2.54276,-11.955
-2.17868,2.81311,9.26
-6.23397,9.67539,-4.64371
5.97341,-7.84146,1.59549
11.6551,3.08817,-0.855093
-2.31505,3.14063,9.42606
6.07517,-8.18514,1.11116
-3.19531,-7.23972,12.7613
9.82513,-2.47468,7.56272
-3.23359,-7.2548,12.7821
11.7875,2.73141,-0.791286
12.0226,3.35355,-1.23058
-6.24829,9.69404,-4.68904
-2.40702,7.08346,1.41082
-1.06338,-10.7713,-0.604637
1.30545,7.81099,4.82223
-2.71879,-7.93626,11.9443
-6.26077,9.6112,-4.55301
-2.40952,7.23889,1.45968
-6.78225,2.40503,-11.9647
-0.968574,-10.6575,-0.681627
0.89649,7.36248,4.52229
-6.23959,9.19312,-4.28267
1.62598,7.22156,4.70231
-2.29035,3.37576,9.71338
-6.14307,9.64881,-4.7045
-2.42638,7.07531,1.52951
-0.927852,-10.7978,-0.989653
9.88807,-2.51629,7.52934
-7.02981,2.89195,-11.9187
1.60456,7.40757,5.04572
-6.25857,9.72024,-4.73852
-7.04432,2.6847,-11.9552
11.7926,2.99701,-1.18976
6.2307,-7.2861,1.78847
1.37531,7.6903,4.65016
-0.896019,-10.8247,-0.959331
-2.2739,2.81428,9.34802
-0.834904,-12.254,-2.53886
-6.27882,9.70177,-4.66048
-2.58352,6.85335,1.86678
5.94062,-7.21772,1.83614
-6.87953,2.54006,-12.0401
-4.28363,2.78698,-10.3561
-2.57001,6.68791,1.80424
-3.11752,-7.12804,12.6079
9.93784,-2.76558,7.67135
-4.65841,0.0397039,5.04125
-3.22815,-7.3814,12.7016
6.11411,-7.89452,1.47226
-2.59087,6.85835,1.85849
-2.20158,2.76632,9.96053
6.69901,-7.8708,1.17087
-6.998,2.48992,-12.1367
9.82269,-2.77524,7.68208
9.69489,-2.60955,7.69438
-6.50474,2.3867,-11.9799
-2.27866,3.56946,9.67989
11.8773,3.59617,-1.49481
9.96663,-2.84052,7.72247
-2.33506,3.57313,9.68679
9.65376,-2.71513,7.66589
10.5618,3.96475,-0.177093
4.42938,-0.134527,-0.256431
-2.54664,-6.55561,11.6889
0.70965,5.54673,4.78671
-3.84199,1.93829,-10.1413
-0.106585,-2.95085,-4.49912
-0.0201377,-12.5155,-3.15312
-2.27902,7.80116,-1.35266
3.08907,-0.284977,-0.990202
-6.91037,-4.41984,-1.07252
10.5481,3.88292,-0.0960802
3.2304,-0.330857,-0.667244
-4.42185,0.748768,4.73143
0.664611,6.25665,4.9958
-3.62962,2.01649,-10.1366
-0.172566,-2.80374,-4.61377
0.133289,-12.2121,-3.06379
-6.90114,-4.42921,-1.05928
10.8158,4.01112,-0.667063
2.96994,-0.452627,-0.681908
-4.62587,0.270158,4.91474
0.953367,5.48537,4.58905
-3.90488,2.46029,-10.1206
0.335225,-2.768,-4.32976
0.143371,-12.1259,-2.3952
-2.27308,7.81676,-1.25879
0.743069,0.50957,-0.719026
-6.80784,-4.53342,-0.957687
10.202,3.84965,-0.047566
-6.88373,-4.45349,-1.04094
0.384921,-2.94486,-4.28358
-0.352845,-3.19651,-5.0978
0.0743735,-12.1005,-3.12679
-0.117789,-2.86104,-4.50427
11.439,3.95225,-0.457877
-2.01728,-0.846211,-1.04374
-0.137188,0.281257,-0.499273
0.278455,-2.89128,-4.1787
-0.817384,1.26368,0.63414
-3.95563,1.74407,-10.0457
4.96731,-0.0488464,-0.122365
-2.5144,7.87025,-0.288801
-2.83121,8.40838,-1.00256
1.22118,5.49475,3.81657
-0.4216,-3.05002,-5.06514
4.30109,-0.276125,-0.441369
10.3259,3.81825,-0.0788064
11.5251,4.15105,-1.40034
-4.41836,0.896139,4.6999
-2.67861,-6.85369,12.1448
-2.73719,8.37697,-1.04784
-0.0155322,0.605169,-0.462587
-4.45645,0.859707,4.7356
10.7533,3.68486,-0.202947
3.25974,-0.444598,-0.645341
-3.56646,-6.78241,11.8375
0.0105375,-12.342,-3.08076
1.35998,5.62721,3.83489
1.24424,5.4931,3.80202
-2.87148,8.3761,-0.941734
-2.00562,7.49122,1.14585
1.23009,5.45564,3.81282
-3.85886,2.51271,-10.0882
-0.0507044,-12.2919,-2.67349
0.170076,-12.2118,-2.6052
-0.0261643,-12.3877,-3.09285
-1.26231,-0.169153,-0.934146
-6.83498,-4.31397,-1.0324
4.20647,-0.285291,-0.385164
-0.14516,-3.11988,-4.54735
10.4008,3.75415,-0.121811
-1.66087,2.74392,9.14809
6.60232,-8.35509,0.777404
-4.42587,0.784008,4.78658
-0.631324,1.07419,0.546774
12.272,3.26047,-0.792797
4.30789,-0.286579,-0.462164
-2.69259,8.27283,-0.753631
-0.0460868,-12.3724,-3.11974
0.843447,5.46613,4.51055
-2.6647,-7.64623,11.3898
4.78255,-0.164778,-0.262369
-2.96925,8.36122,-0.720038
-1.31073,-0.208341,-0.968654
0.141881,-12.3384,-2.89879
0.554096,5.54194,4.75881
4.95313,-0.0156015,-0.161176
0.610549,5.3459,4.86655
-1.98925,-0.804225,-1.02154
4.56454,-0.0842479,-0.201807
-2.71832,8.39198,-1.07292
-0.35752,-12.515,-2.8308
-0.697539,1.13332,0.477398
-3.9527,1.56238,-10.042
0.79432,5.57084,4.7555
5.03735,0.0264246,-0.0140832
-3.8191,1.80595,-10.1019
10.4131,3.96608,-0.294541
0.376581,-2.66873,-4.19157
0.741904,5.60296,4.76292
0.184833,-12.2238,-2.65127
-1.65253,3.11697,9.37207
-0.178349,-11.6825,-2.32104
4.96858,-0.0614668,-0.128428
-2.13656,7.74453,-0.121221
0.43125,-3.46938,-4.705
-3.77615,1.86633,-10.1429
-4.07535,2.72803,-10.1483
-2.73552,8.32149,-0.377012
-3.37856,-7.25967,12.1487
-4.52854,0.680536,4.81744
-0.103929,-2.7534,-4.44304
-2.81044,8.35478,-0.889962
0.637889,5.61336,4.93104
0.365477,-2.6729,-4.25351
-1.20594,-0.124791,-0.910075
-3.72173,1.94233,-10.1259
0.326276,-3.03146,-4.39056
11.5463,4.09132,-1.11845
-0.309929,0.942263,0.244387
-2.07991,-0.891098,-1.09236
-0.329856,1.03377,0.316867
11.3758,3.04958,-0.993986
1.71978,-0.804064,-0.468163
-2.80084,-7.0523,12.1753
0.803047,7.72262,4.23969
-4.74685,0.867107,-10.7981
6.86117,-8.1346,1.67025
-0.800529,-11.7018,-1.11123
-1.94831,7.71802,-0.442356
-0.0881291,0.615975,0.687272
-1.99652,2.25209,9.72506
11.2842,3.12199,-0.726448
1.95977,-0.506813,-0.21254
-3.59055,-6.77341,11.8977
1.39765,5.81719,4.08693
-3.78679,1.04118,-10.4418
6.94453,-8.3609,1.35196
-0.976489,-10.9935,-0.826818
-2.55862,6.87222,0.817101
-0.236251,0.20033,0.255424
-2.18828,2.76986,10.2853
11.1775,3.06088,-0.916583
1.99548,-0.735075,-0.566694
-3.59923,-6.83441,12.3794
0.743509,7.34775,3.98622
-3.91237,1.11075,-10.5684
6.85617,-8.42137,1.54933
-0.799248,-11.4224,-0.949978
-1.90708,7.68633,-0.492508
-0.0574009,0.468629,0.820199
-1.78808,2.85129,9.29445
11.9666,3.92756,-1.53045
-1.96215,3.18421,10.0179
6.93758,-8.25059,0.994634
6.95482,-8.1656,1.3164
-0.927951,-11.3466,-0.821464
7.19379,-7.9293,0.84806
10.5734,4.16235,-0.40861
-2.22659,3.63222,9.71332
0.0611681,0.270947,0.977417
-2.17455,3.39277,9.92966
-0.415453,0.169802,-0.0692821
-3.82669,1.14758,-10.5479
1.5614,-0.758341,-0.37173
-2.7169,7.05966,1.46409
-2.78753,6.38319,0.897333
1.34164,5.61851,3.93545
6.86549,-8.38371,1.52164
2.15758,-0.461059,-0.196022
11.1816,3.25304,-0.992049
11.9489,3.94332,-1.38253
-2.69391,-7.95665,11.9012
-3.07158,-7.43431,12.5049
-2.49824,8.03961,0.0922868
-0.592101,0.246513,-0.434341
-2.75097,-7.90618,11.9417
10.7389,4.00529,-0.784487
1.99706,-0.696562,-0.578565
-3.13513,-7.65279,12.487
-0.866843,-11.0466,-0.820266
1.39572,5.81178,4.18026
1.4228,5.75745,4.12647
-2.51778,7.97086,0.593603
0.662327,7.74906,4.2634
1.43603,5.76896,4.08243
-3.90089,1.50185,-10.7104
-0.308019,-11.6728,-1.42666
-0.936033,-11.2704,-0.757838
-1.40889,-11.7188,-0.732767
-4.66549,0.800925,-10.6538
-1.90589,2.569,10.1585
1.72775,-0.338061,-0.195351
7.0777,-8.01237,1.50174
11.1697,3.36421,-1.21963
-1.82048,2.86989,10.073
6.8751,-8.42619,1.60786
-3.45355,-6.96825,12.5455
0.00519279,0.459701,0.823336
-3.73103,-6.62361,12.0444
11.6133,3.7227,-1.40939
11.1697,3.08017,-0.98101
1.53047,-0.652284,-0.149708
-2.77205,8.3904,-0.29919
-0.381025,-11.6524,-1.44527
1.25786,5.76212,4.24589
-3.59056,-6.83181,12.4313
1.2964,-0.393073,0.12655
-2.6953,8.29754,0.0208649
-4.55756,0.724714,-10.7494
-0.312639,-12.0982,-1.9569
1.08971,5.78431,4.50074
1.59037,-0.266222,0.0288405
0.727942,7.40038,4.51317
-1.89608,2.6306,10.2552
1.88595,-0.765155,-0.444039
-2.07816,7.47014,0.315217
-0.823625,-11.8124,-1.37232
0.581308,0.055857,0.0487444
-4.10353,0.531427,-10.5294
0.661117,7.36536,3.93865
1.58915,-0.598323,-0.165445
-4.44623,1.29955,-10.9677
10.7739,3.62472,-0.206652
6.75373,-7.81871,1.74317
0.931501,7.01102,4.27054
-0.0577544,-12.0285,-2.10884
-1.96201,2.60782,10.3486
-0.938958,-11.0236,-0.771148
1.50293,-0.581637,-0.0726359
-2.19155,7.75557,-1.0442
6.74993,-8.38648,1.44209
-4.62916,0.997229,-10.8497
-4.41019,0.461089,-10.806
-2.23665,6.86154,0.475536
-3.36658,-7.01116,12.5353
-0.01003,0.460847,0.813432
-3.11671,-7.30037,12.64
-3.21037,-7.4588,12.6664
6.75932,-8.44488,1.48949
-2.75309,8.31527,-0.382349
-1.85326,3.47347,9.7611
6.8485,-8.0525,1.74637
-4.34933,0.621419,-10.7336
0.208589,0.169298,0.229527
0.916543,-0.0536434,0.174125
-3.95893,1.17049,-10.6431
-2.07705,3.0664,10.1405
10.5695,4.24962,-0.524804
0.589623,0.175805,0.23123
-1.60838,2.30274,10.6362
0.03276,0.427198,0.914831
